ID,NOM_ESTAB,RAZ_SOCIAL,CODIGO_ACT,NOMBRE_ACT,PER_OCU,TIPO_VIAL,NOM_VIAL,TIPO_V_E_1,NOM_V_E_1,TIPO_V_E_2,NOM_V_E_2,TIPO_V_E_3,NUMERO_EXT,LETRA_EXT,EDIFICIO,EDIFICIO_E,NUMERO_INT,LETRA_INT,TIPO_ASENT,NOMB_ASENT,TIPOCENCOM,NOM_CENCOM,NUM_LOCAL,AGEB,MANZANA,TELEFONO,CORREOELEC,WWW,TIPOUNIECO,FECHA_ALTA
1052085,HELADOS REGIOS,,311520,Elaboraci?n de helados y paletas,0 a 5 personas,CALLE,GUERRERO,CALLE,YUCAT?N,CALLE,M?XICO,CALLE,109,,,,0,,COLONIA,PROGRESO,,,,1222,030,5556161053,CONROD38@YAHOO.COM,,Fijo,JULIO 2010
1005467,PANADER?A PROGRESO,,311812,Panificaci?n tradicional,6 a 10 personas,CALLE,GUERRERO,CALLE,M?XICO,CALLE,VERACRUZ,CALLE,75,,,,1,,COLONIA,TIZAPAN,,,,1190,011,,,,Fijo,JULIO 2010
1005596,PLOMER?A,,238221,Instalaciones hidrosanitarias y de gas,0 a 5 personas,CALLE,VERACRUZ,CALLE,MORELOS,BOULEVARD,ANILLO PERIF?RICO (ADOLFO L?PEZ MATEOS),AVENIDA,56,,,,0,,COLONIA,PROGRESO TIZAPAN,,,,1190,020,,,,Fijo,JULIO 2010
1005522,MOLINO LA ESPIGA,,311830,Elaboraci?n de tortillas de ma?z y molienda de nixtamal,0 a 5 personas,CALLE,MICHOAC?N,CALLE,SAN LUIS POTOS?,CALLE,YUCAT?N,CALLE,8,,,,0,,COLONIA,PUEBLO DE TIZAPAN,,,,1190,009,5555500760,,,Fijo,JULIO 2010
1005517,SERVICIO REYES,,238210,Instalaciones el?ctricas en construcciones,0 a 5 personas,CALLE,GUERRERO,CALLE,YUCAT?N,AVENIDA,FRONTERA,CALLE,80,,,,0,,COLONIA,PUEBLO DE TIZAPAN,,,,1190,010,,,,Fijo,JULIO 2010
1005445,TORTILLER?A LA PERLA,,311830,Elaboraci?n de tortillas de ma?z y molienda de nixtamal,0 a 5 personas,CALLE,VERACRUZ,CALLE,PUEBLA,CALLE,HIDALGO,CALLE,11,,,,0,,COLONIA,PROGRESO TIZAPAN,,,,1190,003,,,,Fijo,JULIO 2010
1052095,PURIFICADORA M?XICO,,312112,Purificaci?n y embotellado de agua,0 a 5 personas,CALLE,AGUASCALIENTES,CALLE,YUCAT?N,CALLE,M?XICO,CALLE,18,,,,0,,COLONIA,PROGRESO TIZAPAN,,,,1222,018,5556169164,,,Fijo,JULIO 2010
1005510,TORTILLER?A LA POBLANA,,311830,Elaboraci?n de tortillas de ma?z y molienda de nixtamal,0 a 5 personas,CALLE,GUERRERO,CALLE,YUCAT?N,AVENIDA,FRONTERA,CALLE,90,,,,0,,COLONIA,PUEBLO DE TIZAPAN,,,,1190,010,5555501826,,,Fijo,JULIO 2010
871924,ALLENDE COMPROBANTES DIGITALES  S.A. DE C.V.,ALLENDE COMPROBANTES DIGITALES  S.A. DE C.V.,323119,Impresi?n de formas continuas y otros impresos,0 a 5 personas,CALLE,TLAXCALA,CALLE,M?XICO,AVENIDA,TOLUCA,AVENIDA,1,,,,0,,COLONIA,PROGRESO TIZAPAN,,,,1222,028,015555502668,IMPALLENDE@PRODIGY.NET.MX,WWW.ALLENDECD.COM,Fijo,JUNIO 2012
1005503,TORTILLER?A FRIDA,,311830,Elaboraci?n de tortillas de ma?z y molienda de nixtamal,0 a 5 personas,CALLE,MICHOAC?N,CALLE,YUCAT?N,CALLE,SAN LUIS POTOS?,AVENIDA,7,,,,0,,COLONIA,PUEBLO DE TIZAPAN,,,,1190,010,5555506315,,,Fijo,JULIO 2010
927814,TORTILLER?A	 SIN NOMBRE,,311830,Elaboraci?n de tortillas de ma?z y molienda de nixtamal,0 a 5 personas,CALLE,CHIHUAHUA,CALLE,R?O HONDO,BOULEVARD,ANILLO PERIF?RICO (ADOLFO L?PEZ MATEOS),CERRADA,95,,,,0,,COLONIA,PROGRESO TIZAPAN,,,,110A,011,555753367,,,Fijo,DICIEMBRE 2014
6315560,GRUPO EDITORIAL MIGUEL ANGEL PORRUA  S.A. DE C.V.,GRUPO EDITORIAL MIGUEL ANGEL PORRUA  S.A. DE C.V.,323111,"Impresi?n de libros, peri?dicos y revistas",51 a 100 personas,CALLE,CHIHUAHUA,BOULEVARD,ANILLO PERIF?RICO (ADOLFO L?PEZ MATEOS),CALLE,R?O HONDO,BOULEVARD,23,,,,0,,COLONIA,PROGRESO,,,,110A,011,55504225,PORRUA@PRODIGY.NET.MX,WWW.MAPORRUA.COM,Fijo,JULIO 2010
927960,CARPINTER?A EN GENERAL HERMA,,337120,"Fabricaci?n de muebles, excepto cocinas integrales, muebles modulares de ba?o y muebles de oficina y estanter?a",0 a 5 personas,CALLE,M?XICO,CALLE,MONTERREY,CALLE,CALLEJ?N CELAYA,CALLE,136,,,,0,,CIUDAD INDUSTRIAL,TIZAPAN,,,,1237,009,,,,Fijo,DICIEMBRE 2014
927967,HERRER?A CELAYA,,332320,Fabricaci?n de productos de herrer?a,0 a 5 personas,CALLE,M?XICO,CALLE,MONTERREY,CALLE,CALLEJ?N CELAYA,CALLE,140,,,,0,,CIUDAD INDUSTRIAL,TIZAPAN,,,,1237,009,5555508985,,,Fijo,JULIO 2010
1005406,LITO GRAPO,LITO GRAPO,323119,Impresi?n de formas continuas y otros impresos,11 a 30 personas,CALLE,COLIMA,CALLE,CHIHUAHUA,CALLE,MORELOS,CALLE,35,,,,0,,COLONIA,PROGRESO TIZAPAN,,,,1190,015,5555501336,,,Fijo,JULIO 2010
927798,COCINAS INTEGRALES EXPREX,,337110,Fabricaci?n de cocinas integrales y muebles modulares de ba?o,0 a 5 personas,BOULEVARD,ANILLO PERIF?RICO (ADOLFO L?PEZ MATEOS),AVENIDA,TOLUCA,CALLE,VERACRUZ,CALLE,47,,,,2,,COLONIA,PROGRESO TIZAPAN,,,,1190,020,,,,Fijo,DICIEMBRE 2014
6318513,ARTROLIFE  S.A. DE C.V.,ARTROLIFE  S.A. DE C.V.,435313,"Comercio al por mayor de mobiliario, equipo e instrumental m?dico y de laboratorio",31 a 50 personas,CALLE,JALISCO,CALLE,AGUASCALIENTES,CALLE,JALISCO,BOULEVARD,103,,,2,0,,COLONIA,PROGRESO TIZAPAN,,,,1222,022,5556165383,,WWW.ARTROLIFE.COM,Fijo,JULIO 2010
1052074,LABORATORIO DENTAL AMAYA,,339111,"Fabricaci?n de equipo no electr?nico para uso m?dico, dental y para laboratorio",0 a 5 personas,CALLE,M?XICO,CALLE,GUANAJUATO,CALLE,TLAXCALA,BOULEVARD,79,A,,,0,,COLONIA,PROGRESO TIZAPAN,,,,1222,028,5555507371,,,Fijo,JULIO 2010
1052093,TALLER MEC?NICO INDUSTRIAL,,332710,Maquinado de piezas met?licas para maquinaria y equipo en general,0 a 5 personas,CALLE,M?XICO,CALLE,AGUASCALIENTES,CALLE,MONTERREY,CALLE,122,,,,0,,COLONIA,PROGRESO TIZAPAN,,,,1222,018,5555509529,,,Fijo,JULIO 2010
927909,MATERIALES RECICLABLES,,434312,Comercio al por mayor de desechos de papel y de cart?n,0 a 5 personas,CALLE,YUCAT?N,CALLE,GUERRERO,CALLE,GUANAJUATO,CALLE,63,,,,0,,COLONIA,PROGRESO,,,,1222,030,,,,Fijo,JULIO 2010
1005462,MATERIALES ESTRELLA,,434211,"Comercio al por mayor de cemento, tabique y grava",0 a 5 personas,CALLE,PUEBLA,CALLE,VERACRUZ,AVENIDA,TOLUCA,CALLE,288,,,,0,,COLONIA,TIZAPAN,,,,1190,012,5555500363,,,Fijo,JULIO 2010
1005509,ABARROTES EL RECREO,,461110,"Comercio al por menor en tiendas de abarrotes, ultramarinos y miscel?neas",0 a 5 personas,CALLE,MICHOAC?N,CALLE,YUCAT?N,CALLE,SAN LUIS POTOS?,CALLE,51,,,,0,,COLONIA,PUEBLO DE TIZAPAN,,,,1190,010,,,,Fijo,JULIO 2010
6324286,753 PROGRESO TIZAPAN,FARMACIAS DE SIMILARES  S.A. DE C.V.,464111,Farmacias sin minis?per,6 a 10 personas,CALLE,M?XICO,AVENIDA,TOLUCA,CALLE,GUERRERO,CALLE,35,,,,0,,COLONIA,PROGRESO,,,,1190,011,5556166832,0753@FARMACIASDESIMILARES.COM.MX,,Fijo,JULIO 2010
6232870,7 ELEVEN 891 R?O HONDO,7 ELEVEN MEXICO  S.A. DE C.V.,462112,Comercio al por menor en minisupers,0 a 5 personas,BOULEVARD,ANILLO PERIF?RICO (ADOLFO L?PEZ MATEOS),CALLE,R?O HONDO,CERRADA,ACAPULCO,CALLE,2546,,,,0,,COLONIA,SAN ANGEL,,,,110A,011,,,,Fijo,JULIO 2010
1005443,ABARROTES 70 Y M?S,,461110,"Comercio al por menor en tiendas de abarrotes, ultramarinos y miscel?neas",0 a 5 personas,CALLE,GUERRERO,CALLE,HIDALGO,CALLE,MIGUEL HIDALGO,CALLE,48,,,,0,,COLONIA,PROGRESO TIZAPAN,,,,1190,001,,,,Fijo,JULIO 2010
927853,ABARROTES CUATRO HERMANOS,,461110,"Comercio al por menor en tiendas de abarrotes, ultramarinos y miscel?neas",0 a 5 personas,CALLE,GUERRERO,CALLE,PUEBLA,CALLE,MORELOS,CALLE,23,,,,0,,COLONIA,PROGRESO TIZAPAN,,,,1190,005,,,,Fijo,DICIEMBRE 2014
1005511,ABARROTES ALIJAZBER,,461110,"Comercio al por menor en tiendas de abarrotes, ultramarinos y miscel?neas",0 a 5 personas,CALLE,GUERRERO,CALLE,YUCAT?N,AVENIDA,FRONTERA,CALLE,90,,,,0,,COLONIA,PUEBLO DE TIZAPAN,,,,1190,010,,,,Fijo,JULIO 2010
1005453,ABARROTES URIEL,,461110,"Comercio al por menor en tiendas de abarrotes, ultramarinos y miscel?neas",0 a 5 personas,CALLE,PUEBLA,CALLE,GUERRERO,CALLE,VERACRUZ,CALLE,218,,,,0,,COLONIA,PROGRESO TIZAPAN,,,,1190,003,5554252720,,,Fijo,JULIO 2010
1005456,ABARROTES PROGRESO,,461110,"Comercio al por menor en tiendas de abarrotes, ultramarinos y miscel?neas",0 a 5 personas,CALLE,VERACRUZ,CALLE,HIDALGO,CALLE,PUEBLA,CALLE,30,,,,3,,COLONIA,TIZAPAN,,,,1190,012,,,,Fijo,JULIO 2010
1052087,ABARROTES LAURITA,,461150,"Comercio al por menor de leche, otros productos l?cteos y embutidos",0 a 5 personas,CALLE,YUCAT?N,CALLE,GUANAJUATO,CALLE,GUERRERO,CALLE,85,,,,0,,COLONIA,PROGRESO,,,,1222,030,,,,Fijo,JULIO 2010
1005501,ABARROTES LA FRONTERA,,461110,"Comercio al por menor en tiendas de abarrotes, ultramarinos y miscel?neas",0 a 5 personas,CALLE,MICHOAC?N,CALLE,YUCAT?N,CALLE,SAN LUIS POTOS?,AVENIDA,3,,,,0,,COLONIA,PUEBLO DE TIZAPAN,,,,1190,010,,,,Fijo,JULIO 2010
1005481,ABARROTES VINOS Y LICORES EL TRECE,,461211,Comercio al por menor de vinos y licores,0 a 5 personas,CALLE,M?XICO,AVENIDA,TOLUCA,CALLE,GUERRERO,CALLE,37,,,,0,,COLONIA,TIZAPAN,,,,1190,011,,,,Fijo,JULIO 2010
1005413,ABARROTES LOS HERMANOS,,461110,"Comercio al por menor en tiendas de abarrotes, ultramarinos y miscel?neas",0 a 5 personas,CALLE,CHIHUAHUA,CALLE,COLIMA,CALLE,VERACRUZ,CALLE,82,,,,1,,COLONIA,PROGRESO TIZAPAN,,,,1190,014,5559169664,,,Fijo,JULIO 2010
1005513,ABARROTES SAINZ,,461110,"Comercio al por menor en tiendas de abarrotes, ultramarinos y miscel?neas",0 a 5 personas,CALLE,GUERRERO,CALLE,YUCAT?N,AVENIDA,FRONTERA,AVENIDA,80,,,,0,,COLONIA,PUEBLO DE TIZAPAN,,,,1190,010,5556161901,,,Fijo,JULIO 2010
927799,ABARROTES LA LUPITA,ABARROTES LA LUPITA,461110,"Comercio al por menor en tiendas de abarrotes, ultramarinos y miscel?neas",0 a 5 personas,CALLE,TLAXCALA,CALLE,M?XICO,AVENIDA,TOLUCA,CALLE,11,,,,0,,COLONIA,PROGRESO TIZAPAN,,,,1222,028,555507831,,,Fijo,DICIEMBRE 2014
1005432,ABARROTES PACHITA,ABARROTES PACHITA,461110,"Comercio al por menor en tiendas de abarrotes, ultramarinos y miscel?neas",0 a 5 personas,CALLE,PUEBLA,CALLE,VERACRUZ,CALLE,COLIMA,CALLE,247,,,,0,,COLONIA,PROGRESO TIZAPAN,,,,1190,004,5539330765,ALVAROSALINAS49@HOTMAIL.COM,,Fijo,JULIO 2010
1005483,ALMACENES TIZAPAN,,466111,Comercio al por menor de muebles para el hogar,0 a 5 personas,AVENIDA,TOLUCA,CALLE,HIDALGO,CALLE,M?XICO,CALLE,1,,,,0,,COLONIA,TIZAPAN,,,,1190,011,5556168315,,,Fijo,JULIO 2010
1005498,AUTOPARTES DEL SUR,,468211,"Comercio al por menor de partes y refacciones nuevas para autom?viles, camionetas y camiones",0 a 5 personas,AVENIDA,FRONTERA,CALLE,SAN LUIS POTOS?,CALLE,GUERRERO,CALLE,92,,,,0,,COLONIA,PUEBLO DE TIZAPAN,,,,1190,010,5555501406,,,Fijo,JULIO 2010
6314628,ARGOS SAN ANGEL,ESPECIALISTAS OPTICOS  S.A. DE C.V.,464121,Comercio al por menor de lentes,0 a 5 personas,AVENIDA,FRONTERA,CALLE,GUERRERO,CALLE,SAN LUIS POTOS?,CALLE,86,,,,0,,COLONIA,PROGRESO,,,,1190,010,,,,Fijo,JULIO 2010
1005473,CARNICER?A LA FE,,461121,Comercio al por menor de carnes rojas,0 a 5 personas,CALLE,M?XICO,AVENIDA,TOLUCA,CALLE,GUERRERO,CALLE,5,,,,0,,COLONIA,TIZAPAN,,,,1190,011,,,,Fijo,JULIO 2010
927850,CARNICER?A FRANES,,461121,Comercio al por menor de carnes rojas,0 a 5 personas,CALLE,PUEBLA,CALLE,COLIMA,CALLE,GUERRERO,CALLE,193,,,,0,,COLONIA,PROGRESO TIZAPAN,,,,1190,005,5555508107,,,Fijo,DICIEMBRE 2014
1005444,BOLSA DE PL?STICO MALU,,465914,Comercio al por menor de art?culos desechables,0 a 5 personas,CALLE,GUERRERO,CALLE,HIDALGO,CALLE,PUEBLA,CALLE,55,,,,0,,COLONIA,PROGRESO TIZAPAN,,,,1190,003,5551938837,,,Fijo,JULIO 2010
1005469,CASA M?XICO PAPELER?A,,465311,Comercio al por menor de art?culos de papeler?a,0 a 5 personas,CALLE,M?XICO,AVENIDA,TOLUCA,CALLE,GUERRERO,CALLE,1,,,,0,,COLONIA,TIZAPAN,,,,1190,011,5556163613,,,Fijo,JULIO 2010
6318153,CIRCULO K,IMPULSORA CIRCULO CCK  S.A. DE C.V.,462112,Comercio al por menor en minisupers,6 a 10 personas,CALLE,R?O HONDO,CALLE,MORELOS,CALLE,CHIHUAHUA,CALLE,8,,,,0,,COLONIA,PROGRESO TIZAPAN,,,,1190,015,,,,Fijo,JULIO 2010
1052071,DOMOS 2770,,467114,Comercio al por menor de vidrios y espejos,0 a 5 personas,CALLE,AGUASCALIENTES,CALLE,M?XICO,BOULEVARD,ANILLO PERIF?RICO (ADOLFO L?PEZ MATEOS),CALLE,11,,,,0,,COLONIA,PROGRESO TIZAPAN,,,,1222,017,5556164142,,,Fijo,JULIO 2010
1005474,CRISTALUM,,467114,Comercio al por menor de vidrios y espejos,0 a 5 personas,CALLE,M?XICO,AVENIDA,TOLUCA,CALLE,GUERRERO,CALLE,5,,,,0,,COLONIA,TIZAPAN,,,,1190,011,5556164467,CRISALUM2011@HOTMAIL.COM,,Fijo,JULIO 2010
1005478,DULCES LA LUNA,,461160,Comercio al por menor de dulces y materias primas para reposter?a,0 a 5 personas,CALLE,M?XICO,AVENIDA,TOLUCA,CALLE,GUERRERO,CALLE,37,,,,0,,COLONIA,TIZAPAN,,,,1190,011,5555503825,,,Fijo,JULIO 2010
1005465,EL SUPER TLAPALERO,,467111,Comercio al por menor en ferreter?as y tlapaler?as,0 a 5 personas,CALLE,HIDALGO,CALLE,VERACRUZ,AVENIDA,TOLUCA,CALLE,74,,,,0,,COLONIA,TIZAPAN,,,,1190,011,5555502327,DIMESUPER@YAHOO.COM,,Fijo,DICIEMBRE 2014
1005460,FARMACIA HOMEOP?TICA JOYA,,464113,"Comercio al por menor de productos naturistas, medicamentos homeop?ticos y de complementos alimenticios",0 a 5 personas,CALLE,VERACRUZ,CALLE,HIDALGO,CALLE,PUEBLA,CALLE,16,,,,0,,COLONIA,TIZAPAN,,,,1190,012,5556164283,,,Fijo,JULIO 2010
6316135,FARMACIA DE GENERICOS SUC 964 AV TOLUCA,FARMACIA DE GENERICOS  S.A. DE C.V.,464111,Farmacias sin minis?per,6 a 10 personas,CALLE,M?XICO,CALLE,TOLUCA,CALLE,VERACRUZ,CALLE,35,,,,0,,COLONIA,PROGRESO,,,,1190,011,,,,Fijo,JULIO 2010
1005523,HUEVO RESCO Y POLLO,,461122,Comercio al por menor de carne de aves,0 a 5 personas,CALLE,MICHOAC?N,CALLE,SAN LUIS POTOS?,CALLE,YUCAT?N,CALLE,8,LOC B,,,0,,COLONIA,PUEBLO DE TIZAPAN,,,,1190,009,5555509003,,,Fijo,JULIO 2010
927906,H?CTOR TONATIUH MOLINA PLATA,,466211,"Comercio al por menor de mobiliario, equipo y accesorios de c?mputo",0 a 5 personas,CALLE,YUCAT?N,CALLE,GUERRERO,CALLE,GUANAJUATO,CALLE,65,B,,,0,,COLONIA,PROGRESO,,,,1222,030,5519734211,HECTOR-MOLINA_4 @HOTMAIL.COM,,Fijo,DICIEMBRE 2014
1005468,HOSPITAL DE CELULARES,,466212,Comercio al por menor de tel?fonos y otros aparatos de comunicaci?n,0 a 5 personas,CALLE,M?XICO,AVENIDA,TOLUCA,CALLE,GUERRERO,CALLE,1,,,,0,,COLONIA,TIZAPAN,,,,1190,011,5556168095,CELLTEL_1014@HOTMAIL.COM.MX,,Fijo,JULIO 2010
1052092,IMPERMEABILIZANTES MORONE,,467113,Comercio al por menor de pintura,0 a 5 personas,CALLE,MONTERREY,CALLE,M?XICO,CALLE,YUCAT?N,CALLE,18,,,,2,,COLONIA,PROGRESO TIZAPAN,,,,1222,018,5555345608,IMPERMEABILIZANTES.MORON@YAHOO.COM,,Fijo,JULIO 2010
927966,LA VENTANITA,,461110,"Comercio al por menor en tiendas de abarrotes, ultramarinos y miscel?neas",0 a 5 personas,CALLE,CALLEJ?N CELAYA,CALLE,M?XICO,CALLE,YUCAT?N,CALLE,0,SN,,,0,,CIUDAD INDUSTRIAL,TIZAPAN,,,,1237,009,,,,Fijo,DICIEMBRE 2014
995448,LA PROVIDENCIA,,461110,"Comercio al por menor en tiendas de abarrotes, ultramarinos y miscel?neas",0 a 5 personas,CALLE,CHIHUAHUA,CALLE,R?O HONDO,BOULEVARD,ANILLO PERIF?RICO (ADOLFO L?PEZ MATEOS),CALLE,69,,,,0,,COLONIA,PROGRESO TIZAPAN,,,,110A,011,,,,Fijo,JULIO 2010
1052075,LABORATORIO Y DEP?SITO DENTAL AMAYA,,461212,Comercio al por menor de cerveza,0 a 5 personas,CALLE,M?XICO,CALLE,GUANAJUATO,CALLE,TLAXCALA,BOULEVARD,79,,,,0,,COLONIA,PROGRESO TIZAPAN,,,,1222,028,5556167317,,,Fijo,JULIO 2010
927895,KE-KUKIS,,465111,Comercio al por menor de art?culos de perfumer?a y cosm?ticos,0 a 5 personas,CALLE,MICHOAC?N,CALLE,YUCAT?N,CALLE,SAN LUIS POTOS?,CALLE,11,,,,0,,COLONIA,PUEBLO DE TIZAPAN,,,,1190,010,,,,Fijo,DICIEMBRE 2014
1005491,LA PRINCESA MICHOACANA,,461170,Comercio al por menor de paletas de hielo y helados,0 a 5 personas,AVENIDA,FRONTERA,CALLE,SAN LUIS POTOS?,CALLE,GUERRERO,CALLE,105,,,,0,,COLONIA,PROGRESO TIZAPAN,,,,1190,002,55556165441,,,Fijo,JULIO 2010
1005499,LA MICHOACANA,,461170,Comercio al por menor de paletas de hielo y helados,0 a 5 personas,AVENIDA,FRONTERA,CALLE,SAN LUIS POTOS?,CALLE,GUERRERO,CALLE,82,,,,0,,COLONIA,PUEBLO DE TIZAPAN,,,,1190,010,,,,Fijo,JULIO 2010
927795,LA CASITA,,461160,Comercio al por menor de dulces y materias primas para reposter?a,0 a 5 personas,CALLE,VERACRUZ,CALLE,MORELOS,BOULEVARD,ANILLO PERIF?RICO (ADOLFO L?PEZ MATEOS),AVENIDA,66,,,,0,,COLONIA,PROGRESO TIZAPAN,,,,1190,020,,,,Fijo,DICIEMBRE 2014
1005485,MARCOS MACRISI,,466319,Comercio al por menor de otros art?culos para la decoraci?n de interiores,0 a 5 personas,CALLE,M?XICO,AVENIDA,TOLUCA,CALLE,GUERRERO,CALLE,37,,,,0,,COLONIA,TIZAPAN,,,,1190,011,5555502272,,,Fijo,JULIO 2010
1005403,MISCEL?NEA SOF?A,,461110,"Comercio al por menor en tiendas de abarrotes, ultramarinos y miscel?neas",0 a 5 personas,CALLE,MORELOS,CALLE,COLIMA,CALLE,R?O HONDO,CALLE,7,,,,0,,COLONIA,PROGRESO TIZAPAN,,,,1190,015,5555508594,,,Fijo,JULIO 2010
1005438,MOLES FERCHI,,461130,Comercio al por menor de frutas y verduras frescas,0 a 5 personas,CALLE,PUEBLA,CALLE,COLIMA,CALLE,GUERRERO,CALLE,211,,,,0,,COLONIA,PROGRESO TIZAPAN,,,,1190,005,5556939415,EGARGTZ@YAHOO.COM.MX,,Fijo,JULIO 2010
927815,MISCEL?NEA V?CTOR,,461110,"Comercio al por menor en tiendas de abarrotes, ultramarinos y miscel?neas",0 a 5 personas,CALLE,M?XICO,CALLE,AGUASCALIENTES,CALLE,MONTERREY,CALLE,124,,,,0,,COLONIA,PROGRESO TIZAPAN,,,,1222,018,5555500482,,,Fijo,DICIEMBRE 2014
6316280,OXXO SUC. 50HGE-GUERRERO MEX,CADENA COMERCIAL OXXO  S.A. DE C.V.,462112,Comercio al por menor en minisupers,6 a 10 personas,CALLE,GUERRERO,CALLE,M?XICO,CALLE,VERACRUZ,CALLE,51,,,,0,,COLONIA,TIZAPAN,,,,1190,011,,,,Fijo,JULIO 2010
6316765,OXXO SUC. 50KZP-TIZAPAN MEX,CADENA COMERCIAL OXXO  S.A. DE C.V.,462112,Comercio al por menor en minisupers,6 a 10 personas,CALLE,GUERRERO,CALLE,MICHOAC?N,CALLE,GUERRERO,CALLE,34,,,,0,,COLONIA,TIZAPAN,,,,1190,010,,,,Fijo,JULIO 2010
927899,PAPELER?A LA GOMITA,,465311,Comercio al por menor de art?culos de papeler?a,0 a 5 personas,CALLE,PUEBLA,CALLE,VERACRUZ,AVENIDA,TOLUCA,CALLE,252,,,,0,,COLONIA,TIZAPAN,,,,1190,012,5559151280,,,Fijo,DICIEMBRE 2014
1052081,PAPELER?A LA FAVORITA,,465311,Comercio al por menor de art?culos de papeler?a,0 a 5 personas,CALLE,M?XICO,CALLE,GUANAJUATO,CALLE,GUERRERO,CALLE,24,,,,1,,COLONIA,PROGRESO,,,,1222,030,5555503696,PAPELERIA.LAFAVORITA@HOTMAIL.COM,,Fijo,JULIO 2010
6201621,PAPELER?A SIN NOMBRE,,465311,Comercio al por menor de art?culos de papeler?a,0 a 5 personas,CALLE,MICHOAC?N,CALLE,YUCAT?N,CALLE,SAN LUIS POTOS?,CALLE,19,A,,,0,,COLONIA,PUEBLO DE TIZAPAN,,,,1190,010,,,,Fijo,JULIO 2010
1005429,PAPELER?A VIENA,,465311,Comercio al por menor de art?culos de papeler?a,0 a 5 personas,CALLE,PUEBLA,CALLE,VERACRUZ,CALLE,COLIMA,CALLE,233,,,,0,,COLONIA,PROGRESO TIZAPAN,,,,1190,004,,,,Fijo,JULIO 2010
1005601,PROPUESTA,PROPUESTA  S.A. DE C.V.,466114,"Comercio al por menor de cristaler?a, loza y utensilios de cocina",11 a 30 personas,CALLE,MORELOS,AVENIDA,TOLUCA,CALLE,VERACRUZ,BOULEVARD,109,,,,0,,COLONIA,PROGRESO TIZAPAN,,,,1190,020,5555505117,,,Fijo,JULIO 2010
1005506,POLLER?A GARC?A,,461122,Comercio al por menor de carne de aves,0 a 5 personas,CALLE,MICHOAC?N,CALLE,YUCAT?N,CALLE,SAN LUIS POTOS?,AVENIDA,19,,,,0,,COLONIA,PUEBLO DE TIZAPAN,,,,1190,010,5566167659,,,Fijo,JULIO 2010
1005502,POLLER?A ALICIA,,461122,Comercio al por menor de carne de aves,0 a 5 personas,CALLE,MICHOAC?N,CALLE,YUCAT?N,CALLE,SAN LUIS POTOS?,AVENIDA,3,,,,0,,COLONIA,PUEBLO DE TIZAPAN,,,,1190,010,,,,Fijo,JULIO 2010
927865,REFACCIONARIA FRANCO,,468211,"Comercio al por menor de partes y refacciones nuevas para autom?viles, camionetas y camiones",0 a 5 personas,AVENIDA,FRONTERA,CALLE,SAN LUIS POTOS?,CALLE,GUERRERO,CALLE,99,,,,0,,COLONIA,PROGRESO TIZAPAN,,,,1190,002,5555500578,FLORESBAHENASPENCER@HOTMAIL.COM.MX,,Fijo,DICIEMBRE 2014
6201821,PUESTO DE REVISTAS,,465313,Comercio al por menor de revistas y peri?dicos,0 a 5 personas,BOULEVARD,ANILLO PERIF?RICO (ADOLFO L?PEZ MATEOS),AVENIDA,TOLUCA,CALLE,GUANAJUATO,BOULEVARD,0,SN,,,0,,COLONIA,PROGRESO TIZAPAN,,,,1222,028,,,,Fijo,JULIO 2010
1052099,PUESTO DE REVISTAS USADAS SIN NOMBRE,,466410,Comercio al por menor de art?culos usados,0 a 5 personas,AVENIDA,TOLUCA,CALLE,TLAXCALA,BOULEVARD,ANILLO PERIF?RICO (ADOLFO L?PEZ MATEOS),CALLE,12,,,,0,,COLONIA,PROGRESO TIZAPAN,,,,1222,028,,,,Semifijo,JULIO 2010
1052073,REFACCIONARIA EL PANTERA,,468211,"Comercio al por menor de partes y refacciones nuevas para autom?viles, camionetas y camiones",0 a 5 personas,CALLE,M?XICO,CALLE,AGUASCALIENTES,CALLE,JALISCO,BOULEVARD,109,,,,0,,COLONIA,PROGREO TIZAPAN,,,,1222,022,5563799679,PANHER_A69@HOTMAIL.COM,,Fijo,DICIEMBRE 2014
927911,PUESTO DE PERIODICO SIN NOMBRE,,465313,Comercio al por menor de revistas y peri?dicos,0 a 5 personas,CALLE,GUERRERO,CALLE,YUCAT?N,CALLE,M?XICO,CALLE,0,SN,,,0,,COLONIA,PROGRESO,,,,1222,030,5556168044,,,Semifijo,DICIEMBRE 2014
6201822,PUESTO DE DULCES,,461160,Comercio al por menor de dulces y materias primas para reposter?a,0 a 5 personas,BOULEVARD,ANILLO PERIF?RICO (ADOLFO L?PEZ MATEOS),AVENIDA,TOLUCA,CALLE,GUANAJUATO,BOULEVARD,0,SN,,,0,,COLONIA,PROGRESO TIZAPAN,,,,1222,028,,,,Fijo,JULIO 2010
927796,ROCA ETERNA,,461110,"Comercio al por menor en tiendas de abarrotes, ultramarinos y miscel?neas",0 a 5 personas,AVENIDA,TOLUCA,BOULEVARD,ANILLO PERIF?RICO (ADOLFO L?PEZ MATEOS),CALLE,MORELOS,AVENIDA,41,,,,0,,COLONIA,PROGRESO TIZAPAN,,,,1190,020,,,,Fijo,DICIEMBRE 2014
1005508,REGALOS MONI,,461213,Comercio al por menor de bebidas no alcoh?licas y hielo,0 a 5 personas,CALLE,MICHOAC?N,CALLE,YUCAT?N,CALLE,SAN LUIS POTOS?,AVENIDA,19,B,,,0,,COLONIA,PUEBLO DE TIZAPAN,,,,1190,010,,,,Fijo,JULIO 2010
1005515,TIENDA DE ABARROTES SIN NOMBRE,,461110,"Comercio al por menor en tiendas de abarrotes, ultramarinos y miscel?neas",0 a 5 personas,CALLE,GUERRERO,CALLE,YUCAT?N,AVENIDA,FRONTERA,CALLE,80,A,,,0,,COLONIA,PUEBLO DE TIZAPAN,,,,1190,010,,,,Fijo,JULIO 2010
1005426,TLAPALER?A SIN NOMBRE,,467111,Comercio al por menor en ferreter?as y tlapaler?as,0 a 5 personas,CALLE,PUEBLA,CALLE,VERACRUZ,CALLE,COLIMA,CALLE,227,,,,0,,COLONIA,PROGRESO TIZAPAN,,,,1190,004,5556161030,,,Fijo,JULIO 2010
1005524,TOCINER?A,,461121,Comercio al por menor de carnes rojas,0 a 5 personas,CALLE,SAN LUIS POTOS?,CALLE,YUCAT?N,CALLE,MICHOAC?N,CALLE,57,,,,0,,COLONIA,PUEBLO DE TIZAPAN,,,,1190,009,,,,Fijo,JULIO 2010
1005408,TIENDA ESPERANCITA,,461110,"Comercio al por menor en tiendas de abarrotes, ultramarinos y miscel?neas",0 a 5 personas,CALLE,MORELOS,CALLE,VERACRUZ,CALLE,COLIMA,CALLE,81,,,,0,,COLONIA,PROGRESO TIZAPAN,,,,1190,014,5555503613,,,Fijo,JULIO 2010
927961,TLAPALER?A CASA M?XICO,,467111,Comercio al por menor en ferreter?as y tlapaler?as,0 a 5 personas,CALLE,M?XICO,CALLE,MONTERREY,CALLE,CALLEJ?N CELAYA,CALLE,136,,,,0,,CIUDAD INDUSTRIAL,TIZAPAN,,,,1237,009,5555502791,,,Fijo,DICIEMBRE 2014
1005433,VENTA DE POLLO,,461122,Comercio al por menor de carne de aves,0 a 5 personas,CALLE,PUEBLA,CALLE,VERACRUZ,CALLE,COLIMA,CALLE,255,,,,0,,COLONIA,PROGRESO TIZAPAN,,,,1190,004,5556163690,,,Fijo,JULIO 2010
6319473,GRUPO EDITORIAL MIGUEL ANGEL PORRUA  S.A. DE C.V.,GRUPO EDITORIAL MIGUEL ANGEL PORRUA  S.A. DE C.V.,511132,Edici?n de libros integrada con la impresi?n,6 a 10 personas,CALLE,GUERRERO,CALLE,PUEBLA,CALLE,MORELOS,CALLE,25,,,,0,,COLONIA,PROGRESO,,,,1190,005,,,,Fijo,JULIO 2010
1052077,AGENTES  AJUSTADORES Y GESTORES DE SEGUROS Y FIANZAS,,524210,"Agentes, ajustadores y gestores de seguros y fianzas",0 a 5 personas,CALLE,M?XICO,CALLE,GUANAJUATO,CALLE,GUERRERO,CALLE,68,,,,0,SN,COLONIA,PROGRESO,,,,1222,030,5556162588,LICONAVM@HOTMAIL.COM,,Fijo,JULIO 2010
6319474,GRUPO EDITORIAL MIGUEL ANGEL PORRUA,GRUPO EDITORIAL MIGUEL ANGEL PORRUA  S.A. DE C.V.,511132,Edici?n de libros integrada con la impresi?n,6 a 10 personas,CALLE,CHIHUAHUA,CALLE,COLIMA,CALLE,R?O HONDO,CALLE,34,,,,0,,COLONIA,PROGRESO,,,,1190,015,5555504225,PORRUA@PRODIGY.NET.MX,WWW.MAPORRUA.COM,Fijo,JULIO 2010
1005615,BIBLIOTECA P?BLICA JOS? MART?,BIBLIOTECA P?BLICA JOS? MART?,519122,Bibliotecas y archivos del sector p?blico,11 a 30 personas,CALLE,HIDALGO,CALLE,GUERRERO,CALLE,VERACRUZ,CALLE,0,SN,,,0,,COLONIA,PROGRESO TIZAPAN,,,,1190,029,5555502650,BIBLIOTECA.JOSEMARTI@SEPDF.GOB.MX,,Fijo,JULIO 2010
657998,HSBC M?XICO TIZAP?N,HSBC M?XICO  S.A.,522110,Banca m?ltiple,6 a 10 personas,CALLE,GUERRERO,CALLE,YUCAT?N,AVENIDA,FRONTERA,CALLE,34,,,,0,,COLONIA,PUEBLO DE TIZAPAN,,,,1190,010,5556166050,,WWW.HSBC.COM.MX,Fijo,MARZO 2011
1052141,DESPACHO DE ABOGADOS,DESPACHO DE ABOGADOS,541110,Bufetes jur?dicos,0 a 5 personas,CALLE,M?XICO,CALLE,AGUASCALIENTES,CALLE,JALISCO,BOULEVARD,109,,,,0,,COLONIA,PROGREO TIZAPAN,,,,1222,022,5541592025,,,Fijo,JULIO 2010
1052089,METALES Y PROPAGANDA,,541810,Agencias de publicidad,0 a 5 personas,CALLE,M?XICO,CALLE,JALISCO,CALLE,AGUASCALIENTES,CALLE,104,A,,,0,,COLONIA,PROGRESO TIZAPAN,,,,1222,023,5556163571,MYPSA2@YAHOO.COM.MX,,Fijo,JULIO 2010
1005463,FOTO PRIM,,541920,Servicios de fotograf?a y videograbaci?n,0 a 5 personas,CALLE,PUEBLA,CALLE,VERACRUZ,AVENIDA,TOLUCA,CALLE,286,,,,0,,COLONIA,TIZAPAN,,,,1190,012,5556162384,,,Fijo,JULIO 2010
1005504,INTERNET SIS,,561432,Servicios de acceso a computadoras,0 a 5 personas,CALLE,MICHOAC?N,CALLE,YUCAT?N,CALLE,SAN LUIS POTOS?,AVENIDA,9,,,,0,,COLONIA,PUEBLO DE TIZAPAN,,,,1190,010,5556161249,SOLUCIONES074@YAHOO.COM,,Fijo,JULIO 2010
1005512,INTERNET INFINITUM,,561432,Servicios de acceso a computadoras,0 a 5 personas,CALLE,GUERRERO,CALLE,YUCAT?N,AVENIDA,FRONTERA,CALLE,90,,,,0,,COLONIA,PUEBLO DE TIZAPAN,,,,1190,010,5566505017,ENTREGAGMAIL90@GMAIL.COM,,Fijo,JULIO 2010
1052076,COPIMEX,,561431,"Servicios de fotocopiado, fax y afines",0 a 5 personas,CALLE,M?XICO,CALLE,GUANAJUATO,CALLE,GUERRERO,CALLE,42,BIS,,,0,,COLONIA,PROGRESO,,,,1222,030,5556163107,,,Fijo,JULIO 2010
1005459,COPY GRAPHIC,,561431,"Servicios de fotocopiado, fax y afines",0 a 5 personas,CALLE,VERACRUZ,CALLE,HIDALGO,CALLE,PUEBLA,CALLE,16,,,,3,,COLONIA,TIZAPAN,,,,1190,012,5556164057,,,Fijo,JULIO 2010
1005398,COPY CAT,,561431,"Servicios de fotocopiado, fax y afines",0 a 5 personas,CALLE,R?O HONDO,CALLE,MORELOS,CALLE,CHIHUAHUA,CALLE,16,,,,0,,COLONIA,PROGRESO TIZAPAN,,,,1190,015,5540538295,,,Fijo,JULIO 2010
1005494,ESCUELA PRIMARIA RICARDO G?MEZ,ESCUELA PRIMARIA RICARDO G?MEZ,611122,Escuelas de educaci?n primaria del sector p?blico,11 a 30 personas,AVENIDA,FRONTERA,CALLE,SAN LUIS POTOS?,CALLE,GUERRERO,CALLE,0,SN,,,0,,COLONIA,PUEBLO DE TIZAPAN,,,,1190,010,5556160998,E09TPR1908E@SEPDF.GOB.MX,,Fijo,JULIO 2010
1005518,ESCUELA SECUNDARIA T?CNICA 11,ESC. SECUNDARIA TEC. 11,611142,Escuelas de educaci?n secundaria t?cnica del sector p?blico,51 a 100 personas,CALLE,MICHOAC?N,CALLE,YUCAT?N,CALLE,SAN LUIS POTOS?,AVENIDA,0,SN,,,0,,COLONIA,PUEBLO DE TIZAPAN,,,,1190,010,5556162050,,,Fijo,JULIO 2010
1005520,ESCUELA SECUNDARIA T?CNICA 11 TURNO VESPERTINO,ESCUELA SECUNDARIA T?CNICA 11 TURNO VESPERTINO,611142,Escuelas de educaci?n secundaria t?cnica del sector p?blico,51 a 100 personas,CALLE,MICHOAC?N,CALLE,YUCAT?N,CALLE,SAN LUIS POTOS?,AVENIDA,0,SN,,,0,,COLONIA,PUEBLO DE TIZAPAN,,,,1190,010,5556162050,,,Fijo,JULIO 2010
1052100,CONSULTORIO,,621111,Consultorios de medicina general del sector privado,0 a 5 personas,CALLE,M?XICO,CALLE,JALISCO,CALLE,AGUASCALIENTES,CALLE,104,,,,0,,COLONIA,PROGRESO TIZAPAN,,,,1222,023,5556167923,,,Fijo,JULIO 2010
927908,MOO DO KWAN,,611621,Escuelas de deporte del sector privado,0 a 5 personas,CALLE,YUCAT?N,CALLE,GUANAJUATO,CALLE,GUERRERO,CALLE,85,,,,0,SN,COLONIA,PROGRESO,,,,1222,030,5556160621,,,Fijo,DICIEMBRE 2014
1005416,CONSULTORIO DENTAL SIN NOMBRE,,621211,Consultorios dentales del sector privado,0 a 5 personas,CALLE,MORELOS,CALLE,VERACRUZ,CALLE,COLIMA,CALLE,83,,,PISO 3,0,,COLONIA,PROGRESO TIZAPAN,,,,1190,014,5556161484,MARYCARMENVH@YAHOO.COM.MX,,Fijo,JULIO 2010
1052082,CONSULTORIO DENTAL SIN NOMBRE,,621211,Consultorios dentales del sector privado,0 a 5 personas,CALLE,M?XICO,CALLE,GUANAJUATO,CALLE,GUERRERO,CALLE,42,BIS,,,0,,COLONIA,PROGRESO,,,,1222,030,5556160154,,,Fijo,JULIO 2010
1005492,CONSULTORIO DENTAL SIN NOMBRE,,621211,Consultorios dentales del sector privado,0 a 5 personas,AVENIDA,FRONTERA,CALLE,SAN LUIS POTOS?,CALLE,GUERRERO,CALLE,105,,,,0,,COLONIA,PROGRESO TIZAPAN,,,,1190,002,5555500552,,,Fijo,JULIO 2010
1005409,CL?NICA LORETO,SOCIEDAD M?DICA MORELOS  S.A. DE CV,621115,Cl?nicas de consultorios m?dicos del sector privado,11 a 30 personas,CALLE,MORELOS,CALLE,VERACRUZ,CALLE,COLIMA,CALLE,83,,,,0,,COLONIA,PROGRESO TIZAPAN,,,,1190,014,5556161484,,,Fijo,JULIO 2010
927935,PRESTON SCHOOL,,611121,Escuelas de educaci?n primaria del sector privado,0 a 5 personas,CALLE,M?XICO,CALLE,GUANAJUATO,CALLE,GUERRERO,CALLE,68,,,,0,,COLONIA,PROGRESO,,,,1222,030,5555503988,PRESTONELEMENTARYSCHOOL@HOTMAIL.COM,,Fijo,DICIEMBRE 2014
927800,CL?NICA ODONTOL?GICA ESPECIALIDADES,,621211,Consultorios dentales del sector privado,0 a 5 personas,CALLE,GUANAJUATO,BOULEVARD,ANILLO PERIF?RICO (ADOLFO L?PEZ MATEOS),CALLE,M?XICO,AVENIDA,4,,,,0,,COLONIA,PROGRESO TIZAPAN,,,,1222,028,5556167521,,,Fijo,DICIEMBRE 2014
1060701,BIOMERIEUX M?XICO,BIOMERIEUX M?XICO  S.A. DE C.V.,621511,Laboratorios m?dicos y de diagn?stico del sector privado,51 a 100 personas,CALLE,CHIHUAHUA,CALLE,COLIMA,CALLE,VERACRUZ,CALLE,88,,,,0,,COLONIA,PROGRESO TIZAPAN,,,,1190,014,015554819562,ANDRES.MORALESRAMIREZ@BIOMERIEUX.COM,WWW.BIOMERIEUX.COM,Fijo,JULIO 2010
927848,CONSULTORIO DENTAL SIN NOMBRE,,621211,Consultorios dentales del sector privado,0 a 5 personas,CALLE,MORELOS,CALLE,COLIMA,CALLE,R?O HONDO,CALLE,31,,,,0,,COLONIA,PROGRESO TIZAPAN,,,,1190,015,5555505422,,,Fijo,DICIEMBRE 2014
1005417,CONSULTORIO MEDICINA GENERAL,,621111,Consultorios de medicina general del sector privado,0 a 5 personas,CALLE,MORELOS,CALLE,VERACRUZ,CALLE,COLIMA,CALLE,83,,,PISO 3,0,,COLONIA,PROGRESO TIZAPAN,,,,1190,014,5556161486,GARCIA_JAVIER9@HOTMAIL.COM,,Fijo,JULIO 2010
1005423,CONSULTORIOS DE MEDICINA ESPECIALIZADA DEL SECTOR PRIVADO,,621113,Consultorios de medicina especializada del sector privado,0 a 5 personas,CALLE,MORELOS,CALLE,VERACRUZ,CALLE,COLIMA,CALLE,83,,,PISO 2,0,,COLONIA,PROGRESO TIZAPAN,,,,1190,014,5556161484,FRANCISCOZEAPERDO@GMAIL.COM,,Fijo,JULIO 2010
1005424,CONSULTORIOS DE MEDICINA ESPECIALIZADA DEL SECTOR PRIVADO,,621113,Consultorios de medicina especializada del sector privado,0 a 5 personas,CALLE,MORELOS,CALLE,VERACRUZ,CALLE,COLIMA,CALLE,83,,,PISO 2,5,,COLONIA,PROGRESO TIZAPAN,,,,1190,014,5556161484,,,Fijo,JULIO 2010
1005418,CONSULTORIO M?DICO ESPECIALISTA,,621113,Consultorios de medicina especializada del sector privado,0 a 5 personas,CALLE,MORELOS,CALLE,VERACRUZ,CALLE,COLIMA,CALLE,83,,,PISO 1,0,,COLONIA,PROGRESO TIZAPAN,,,,1190,014,5556161484,ESCORPION43-@HOTMAIL.COM,,Fijo,JULIO 2010
927910,CONSULTORIO DENTAL Y PEDI?TRICO,,621211,Consultorios dentales del sector privado,0 a 5 personas,CALLE,YUCAT?N,CALLE,GUERRERO,CALLE,GUANAJUATO,CALLE,85,,,,0,,COLONIA,PROGRESO,,,,1222,030,5555500976,,,Fijo,DICIEMBRE 2014
927846,CONSULTORIO M?DICO,,621113,Consultorios de medicina especializada del sector privado,0 a 5 personas,CALLE,MORELOS,CALLE,VERACRUZ,CALLE,COLIMA,CALLE,83,,,,1,,COLONIA,PROGRESO TIZAPAN,,,,1190,014,5556161484,DOCTOR.ROSAS.ORTOPEDIA@LIVE.COM.MX,,Fijo,DICIEMBRE 2014
1005420,CONSULTORIOS DE MEDICINA ESPECIALIZADA DEL SECTOR PRIVADO,,621113,Consultorios de medicina especializada del sector privado,0 a 5 personas,CALLE,MORELOS,CALLE,VERACRUZ,CALLE,COLIMA,CALLE,83,,,PISO 3,0,,COLONIA,PROGRESO TIZAPAN,,,,1190,014,5556161484,MIGUELANGELVALADEZ46@GAMAIL.COM,,Fijo,JULIO 2010
1005419,CONSULTORIO EN GINECOLIG?A,,621113,Consultorios de medicina especializada del sector privado,0 a 5 personas,CALLE,MORELOS,CALLE,VERACRUZ,CALLE,COLIMA,CALLE,83,,,PISO 2,5,,COLONIA,PROGRESO TIZAPAN,,,,1190,014,5556161484,ALMAH_10@HOTMAIL.COM,,Fijo,JULIO 2010
1005422,CONSULTORIO REN? SOTO,,621113,Consultorios de medicina especializada del sector privado,0 a 5 personas,CALLE,MORELOS,CALLE,VERACRUZ,CALLE,COLIMA,CALLE,83,,,PISO 2,0,,COLONIA,PROGRESO TIZAPAN,,,,1190,014,5556161484,DRTITER@GMAIL.COM,,Fijo,JULIO 2010
1005421,CONSULTORIOS DE MEDICINA ESPECIALIZADA DEL SECTOR PRIVADO,,621113,Consultorios de medicina especializada del sector privado,0 a 5 personas,CALLE,MORELOS,CALLE,VERACRUZ,CALLE,COLIMA,CALLE,83,,,PISO 3,0,,COLONIA,PROGRESO TIZAPAN,,,,1190,014,5556166971,SOTO.SANCHEZ@HOTMAIL.COM,,Fijo,JULIO 2010
1005497,POD?LOGOS,,621398,Otros consultorios del sector privado para el cuidado de la salud,0 a 5 personas,AVENIDA,FRONTERA,CALLE,SAN LUIS POTOS?,CALLE,GUERRERO,CALLE,98,,,,0,,COLONIA,PUEBLO DE TIZAPAN,,,,1190,010,,,,Fijo,JULIO 2010
6318512,INSTITUTO DE LA FAMILIA,INSTITUTO DE LA FAMILIA  A.C.,621331,Consultorios de psicolog?a del sector privado,11 a 30 personas,CALLE,JALISCO,BOULEVARD,ADOLFO L?PEZ MATEOS ANILLO PERIF?RICO,CALLE,M?XICO,CALLE,8,,,,0,,COLONIA,PROGRESO TIZAPAN,,,,1222,026,5555504757,IFAC@PRODIGY.NET.MX,WWW.IFAC.EDU.MX,Fijo,JULIO 2010
6315218,HOSPITAL SAN ANGEL INN,OPERADORA SAN ANGEL INN  S.A. DE C.V.,622111,Hospitales generales del sector privado,101 a 250 personas,CALLE,M?XICO,CALLE,GUANAJUATO,AVENIDA,GUERRERO,CALLE,2,,,,0,,COLONIA,PROGRESO TIZAPAN,,,,1222,030,5555505050,RICARDO0810@HOTMAIL.COM,WWW.HOSPITALSANANGELINN.COM,Fijo,JULIO 2010
927901,GRUPO SUPERACI?N AA,GRUPO SUPERACI?N AC,624191,Agrupaciones de autoayuda para alcoh?licos y personas con otras adicciones,6 a 10 personas,CALLE,M?XICO,CALLE,GUANAJUATO,CALLE,GUERRERO,CALLE,48,,,,1,,COLONIA,PROGRESO,,,,1222,030,,,,Fijo,DICIEMBRE 2014
6317682,SALUD PARA TODOS SUC 964 AV TOLUCA,SALUD PARA TODOS  A.C.,621111,Consultorios de medicina general del sector privado,0 a 5 personas,CALLE,M?XICO,CALLE,TOLUCA,CALLE,VERACRUZ,CALLE,35,,,,0,,COLONIA,PROGRESO,,,,1190,011,,,,Fijo,DICIEMBRE 2014
1052083,HOSPITAL VICENTINO,VOLUNTARIAS VICENTINAS  A.C.,622111,Hospitales generales del sector privado,11 a 30 personas,CALLE,YUCAT?N,CALLE,GUERRERO,CALLE,GUANAJUATO,,117,,,,0,,COLONIA,PROGRESO,,,,1222,030,5556162639,VOLUNTARIASVICENTINAS@PRODIGY.NET,,Fijo,JULIO 2010
1005595,GYM ROME,,713943,Centros de acondicionamiento f?sico del sector privado,0 a 5 personas,CALLE,VERACRUZ,CALLE,MORELOS,BOULEVARD,ANILLO PERIF?RICO (ADOLFO L?PEZ MATEOS),CALLE,66,,,,0,,COLONIA,PROGRESO TIZAPAN,,,,1190,020,,,,Fijo,JULIO 2010
995449,MEDICINA ALTERNATIVA,,621398,Otros consultorios del sector privado para el cuidado de la salud,0 a 5 personas,CALLE,CHIHUAHUA,CALLE,R?O HONDO,BOULEVARD,ANILLO PERIF?RICO (ADOLFO L?PEZ MATEOS),BOULEVARD,73,,,,0,,COLONIA,PROGRESO TIZAPAN,,,,110A,011,5555502736,,,Fijo,JULIO 2010
927828,AHIU WI,,722513,Restaurantes con servicio de preparaci?n de antojitos,6 a 10 personas,CALLE,CHIHUAHUA,CALLE,R?O HONDO,BOULEVARD,ANILLO PERIF?RICO (ADOLFO L?PEZ MATEOS),CERRADA,3,A,,,0,,COLONIA,PROGRESO TIZAPAN,,,,110A,011,5555503207,,,Fijo,DICIEMBRE 2014
1005439,BURGER ROY,,722517,"Restaurantes con servicio de preparaci?n de pizzas, hamburguesas, hot dogs y pollos rostizados para llevar",0 a 5 personas,CALLE,MORELOS,CALLE,GUERRERO,CALLE,COLIMA,CALLE,30,,,,0,,COLONIA,PROGRESO TIZAPAN,,,,1190,005,5562379746,,,Fijo,JULIO 2010
927852,CAZUELA DE XIMENA,,722518,Restaurantes que preparan otro tipo de alimentos para llevar,0 a 5 personas,CALLE,PUEBLA,CALLE,COLIMA,CALLE,GUERRERO,CALLE,207,LOC A,,,0,,COLONIA,PROGRESO TIZAPAN,,,,1190,005,5565506992,,,Fijo,DICIEMBRE 2014
1005402,CAF? PEABIEN,,722515,"Cafeter?as, fuentes de sodas, never?as, refresquer?as y similares",6 a 10 personas,CALLE,MORELOS,CALLE,COLIMA,CALLE,R?O HONDO,CALLE,2,,,,0,,COLONIA,PROGRESO TIZAPAN,,,,1190,015,5563788741,PARABIEN@ICLOUD.COM,,Fijo,JULIO 2010
927890,CHICKEN POLLO,,722517,"Restaurantes con servicio de preparaci?n de pizzas, hamburguesas, hot dogs y pollos rostizados para llevar",0 a 5 personas,CALLE,SAN LUIS POTOS?,CALLE,MICHOAC?N,AVENIDA,FRONTERA,CALLE,45,,,,0,,COLONIA,PUEBLO DE TIZAPAN,,,,1190,010,5563830760,,,Fijo,DICIEMBRE 2014
1005479,AC? LAS TORTAS EMY,,722514,Restaurantes con servicio de preparaci?n de tacos y tortas,0 a 5 personas,CALLE,M?XICO,AVENIDA,TOLUCA,CALLE,GUERRERO,CALLE,1,,,,0,,COLONIA,TIZAPAN,,,,1190,011,5556166488,,,Fijo,JULIO 2010
1005507,COCINA ECON?MICA SIN NOMBRE,,722518,Restaurantes que preparan otro tipo de alimentos para llevar,0 a 5 personas,CALLE,MICHOAC?N,CALLE,YUCAT?N,CALLE,SAN LUIS POTOS?,AVENIDA,19,,,,0,,COLONIA,PUEBLO DE TIZAPAN,,,,1190,010,,,,Fijo,JULIO 2010
927888,COCINA BLANQUITA,,722518,Restaurantes que preparan otro tipo de alimentos para llevar,0 a 5 personas,CALLE,MICHOAC?N,CALLE,SAN LUIS POTOS?,CALLE,YUCAT?N,CALLE,8,LOC,,,5,,COLONIA,PUEBLO DE TIZAPAN,,,,1190,009,5526805408,,,Fijo,DICIEMBRE 2014
1005482,EL FAROLITO TORTAS Y CAF?,,722514,Restaurantes con servicio de preparaci?n de tacos y tortas,0 a 5 personas,CALLE,GUERRERO,CALLE,M?XICO,CALLE,VERACRUZ,CALLE,69,,,,0,,COLONIA,TIZAPAN,,,,1190,011,5625844932,,,Fijo,JULIO 2010
927896,EL CORRAL TAQUER?A,,722514,Restaurantes con servicio de preparaci?n de tacos y tortas,0 a 5 personas,CALLE,VERACRUZ,CALLE,HIDALGO,CALLE,PUEBLA,CALLE,26,,,,0,,COLONIA,TIZAPAN,,,,1190,012,,,,Fijo,DICIEMBRE 2014
1005455,EL FARO,,722514,Restaurantes con servicio de preparaci?n de tacos y tortas,6 a 10 personas,CALLE,VERACRUZ,CALLE,HIDALGO,CALLE,PUEBLA,CALLE,30,,,,0,,COLONIA,TIZAPAN,,,,1190,012,5556163515,,,Fijo,JULIO 2010
6201620,COCINA ECON?MICA SIN NOMBRE,,722513,Restaurantes con servicio de preparaci?n de antojitos,0 a 5 personas,AVENIDA,FRONTERA,CALLE,SAN LUIS POTOS?,CALLE,GUERRERO,CALLE,98,,,,0,,COLONIA,PUEBLO DE TIZAPAN,,,,1190,010,,,,Fijo,JULIO 2010
1005519,COOPERATIVA ESCOLAR SECUNDARIA T?CNICA 11 T MATUTINO,,722515,"Cafeter?as, fuentes de sodas, never?as, refresquer?as y similares",0 a 5 personas,CALLE,MICHOAC?N,CALLE,YUCAT?N,CALLE,SAN LUIS POTOS?,AVENIDA,0,SN,,,0,,COLONIA,PUEBLO DE TIZAPAN,,,,1190,010,5556160998,,,Fijo,JULIO 2010
1005451,COCINA LUL?,,722511,Restaurantes con servicio de preparaci?n de alimentos a la carta o de comida corrida,6 a 10 personas,CALLE,VERACRUZ,CALLE,PUEBLA,CALLE,HIDALGO,CALLE,17,D,,,0,,COLONIA,PROGRESO TIZAPAN,,,,1190,003,,,,Fijo,JULIO 2010
927889,COCINA MAR?A LUISA,,722518,Restaurantes que preparan otro tipo de alimentos para llevar,0 a 5 personas,CALLE,MICHOAC?N,CALLE,SAN LUIS POTOS?,CALLE,YUCAT?N,CALLE,40,,,,0,,COLONIA,PUEBLO DE TIZAPAN,,,,1190,009,,,,Fijo,DICIEMBRE 2014
1005407,EL BUEN CAF?,,722511,Restaurantes con servicio de preparaci?n de alimentos a la carta o de comida corrida,6 a 10 personas,CALLE,CHIHUAHUA,CALLE,R?O HONDO,CALLE,COLIMA,CALLE,4,P1,,,0,,COLONIA,PROGRESO TIZAPAN,,,,1190,015,5555502469,,,Fijo,JULIO 2010
1005495,COOPERATIVA ESCOLAR RICARDO G?MEZ,COOPERATIVA ESCOLAR RICARDO G?MEZ,722515,"Cafeter?as, fuentes de sodas, never?as, refresquer?as y similares",0 a 5 personas,AVENIDA,FRONTERA,CALLE,SAN LUIS POTOS?,CALLE,GUERRERO,AVENIDA,0,SN,,,0,,COLONIA,PUEBLO DE TIZAPAN,,,,1190,010,5555504418,,,Fijo,JULIO 2010
1005484,EL BUEN COMER,,722511,Restaurantes con servicio de preparaci?n de alimentos a la carta o de comida corrida,0 a 5 personas,CALLE,HIDALGO,CALLE,VERACRUZ,AVENIDA,TOLUCA,CALLE,51,,,,0,,COLONIA,TIZAPAN,,,,1190,011,5555508966,,,Fijo,JULIO 2010
1005521,COOPERATIVA ESCOLAR SECUNDARIA T?CNICA 11,COOPERATIVA ESCOLAR SECUNDARIA T?CNICA 11,722515,"Cafeter?as, fuentes de sodas, never?as, refresquer?as y similares",0 a 5 personas,CALLE,MICHOAC?N,CALLE,YUCAT?N,CALLE,SAN LUIS POTOS?,AVENIDA,0,SN,,,0,,COLONIA,PUEBLO DE TIZAPAN,,,,1190,010,5556162050,,,Fijo,JULIO 2010
1005401,FRESCO PASTA,,722511,Restaurantes con servicio de preparaci?n de alimentos a la carta o de comida corrida,6 a 10 personas,CALLE,CHIHUAHUA,CALLE,R?O HONDO,CALLE,COLIMA,CALLE,12,,,,0,,COLONIA,PROGRESO TIZAPAN,,,,1190,015,5555500174,,,Fijo,JULIO 2010
927904,FONDA LA PARISIENNE,,722518,Restaurantes que preparan otro tipo de alimentos para llevar,0 a 5 personas,CALLE,GUERRERO,CALLE,YUCAT?N,CALLE,M?XICO,CALLE,103,,,,0,,COLONIA,PROGRESO,,,,1222,030,5565506084,,,Fijo,DICIEMBRE 2014
927817,HERBALIFE,,722519,Servicios de preparaci?n de otros alimentos para consumo inmediato,0 a 5 personas,CALLE,M?XICO,CALLE,AGUASCALIENTES,CALLE,MONTERREY,CALLE,122,,,,0,,COLONIA,PROGRESO TIZAPAN,,,,1222,018,,,,Fijo,DICIEMBRE 2014
1005461,FONDA LA HACIENDA,,722511,Restaurantes con servicio de preparaci?n de alimentos a la carta o de comida corrida,0 a 5 personas,CALLE,HIDALGO,AVENIDA,TOLUCA,CALLE,VERACRUZ,CALLE,97,,,,0,,COLONIA,TIZAPAN,,,,1190,012,5556160219,,,Fijo,JULIO 2010
1005600,HERBALIFE,,722519,Servicios de preparaci?n de otros alimentos para consumo inmediato,0 a 5 personas,BOULEVARD,ANILLO PERIF?RICO (ADOLFO L?PEZ MATEOS),AVENIDA,TOLUCA,CALLE,VERACRUZ,CALLE,4006,,,,0,,COLONIA,PROGRESO TIZAPAN,,,,1190,020,,,,Fijo,JULIO 2010
927902,LA ENVIDIA,,722515,"Cafeter?as, fuentes de sodas, never?as, refresquer?as y similares",0 a 5 personas,CALLE,M?XICO,CALLE,GUANAJUATO,CALLE,GUERRERO,CALLE,0,SN,,,0,,COLONIA,PROGRESO,,,,1222,030,5556168043,,,Semifijo,DICIEMBRE 2014
1005598,JUGOS Y LICUADOS,,722515,"Cafeter?as, fuentes de sodas, never?as, refresquer?as y similares",0 a 5 personas,AVENIDA,TOLUCA,BOULEVARD,ANILLO PERIF?RICO (ADOLFO L?PEZ MATEOS),CALLE,MORELOS,CALLE,37,,,,0,,COLONIA,PROGRESO TIZAPAN,,,,1190,020,,,,Fijo,JULIO 2010
1005400,EL TORTON,,722514,Restaurantes con servicio de preparaci?n de tacos y tortas,0 a 5 personas,CALLE,CHIHUAHUA,CALLE,R?O HONDO,CALLE,COLIMA,CALLE,8,,,,0,,COLONIA,PROGRESO TIZAPAN,,,,1190,015,5562794425,,,Fijo,JULIO 2010
1005612,KUNIO SAN,,722516,Restaurantes de autoservicio,11 a 30 personas,CALLE,GUERRERO,CALLE,YUCAT?N,AVENIDA,FRONTERA,CALLE,88,,,,0,,COLONIA,PUEBLO DE TIZAPAN,,,,1190,010,5556167072,,,Fijo,JULIO 2010
927854,LA PIZZA DI BUCCARDO,,722517,"Restaurantes con servicio de preparaci?n de pizzas, hamburguesas, hot dogs y pollos rostizados para llevar",0 a 5 personas,CALLE,PUEBLA,CALLE,VERACRUZ,CALLE,COLIMA,CALLE,251,,,,0,,COLONIA,PROGRESO TIZAPAN,,,,1190,004,5555502363,,,Fijo,DICIEMBRE 2014
927847,JOVITACOS,,722514,Restaurantes con servicio de preparaci?n de tacos y tortas,0 a 5 personas,CALLE,MORELOS,CALLE,COLIMA,CALLE,R?O HONDO,CALLE,11,,,,0,,COLONIA,PROGRESO TIZAPAN,,,,1190,015,,,,Semifijo,DICIEMBRE 2014
927801,LA CHARRITA,,722514,Restaurantes con servicio de preparaci?n de tacos y tortas,0 a 5 personas,CALLE,MORELOS,AVENIDA,TOLUCA,CALLE,VERACRUZ,BOULEVARD,135,,,,0,,COLONIA,PROGRESO TIZAPAN,,,,1190,020,5565665823,,,Fijo,DICIEMBRE 2014
1005486,FONDA MAR?A ESTHER,,722511,Restaurantes con servicio de preparaci?n de alimentos a la carta o de comida corrida,0 a 5 personas,CALLE,M?XICO,AVENIDA,TOLUCA,CALLE,GUERRERO,CALLE,31,,,,0,,COLONIA,TIZAPAN,,,,1190,011,5555503133,,,Fijo,JULIO 2010
927832,FOOD GARAGE,,722511,Restaurantes con servicio de preparaci?n de alimentos a la carta o de comida corrida,0 a 5 personas,CALLE,CHIHUAHUA,CALLE,R?O HONDO,BOULEVARD,ANILLO PERIF?RICO (ADOLFO L?PEZ MATEOS),CERRADA,3,,,,0,,COLONIA,PROGRESO TIZAPAN,,,,110A,011,,,,Fijo,DICIEMBRE 2014
927830,FESTIN,,722513,Restaurantes con servicio de preparaci?n de antojitos,0 a 5 personas,CALLE,CHIHUAHUA,CALLE,R?O HONDO,BOULEVARD,ANILLO PERIF?RICO (ADOLFO L?PEZ MATEOS),CALLE,7,,,,7,,COLONIA,PROGRESO TIZAPAN,,,,110A,011,5555503454,,,Fijo,DICIEMBRE 2014
927834,QUESADILLAS TERESA,QUESADILLAS TERESA,722513,Restaurantes con servicio de preparaci?n de antojitos,0 a 5 personas,CALLE,CHIHUAHUA,CALLE,R?O HONDO,BOULEVARD,ANILLO PERIF?RICO (ADOLFO L?PEZ MATEOS),CERRADA,3,,,,0,,COLONIA,PROGRESO TIZAPAN,,,,110A,011,,,,Fijo,DICIEMBRE 2014
6419818,PANE EN VIA,,722511,Restaurantes con servicio de preparaci?n de alimentos a la carta o de comida corrida,0 a 5 personas,CALLE,YUCAT?N,CALLE,INDEPENDENCIA,CALLE,YUCAT?N,CALLE,144,F,,,0,,COLONIA,PROGRESO TIZAPAN,,,,1241,017,5555508600,HQUEZADAH@HOTMAIL.COM,WWW.PANENVIA.COM,Fijo,JULIO 2010
1005614,LOS TACONES DE LA COCHINITA,LOS TACONES DE LA COCHINITA,722514,Restaurantes con servicio de preparaci?n de tacos y tortas,6 a 10 personas,CALLE,GUERRERO,CALLE,YUCAT?N,AVENIDA,FRONTERA,CALLE,92,,,,0,,COLONIA,PUEBLO DE TIZAPAN,,,,1190,010,5547510793,,,Fijo,JULIO 2010
6201820,NATURALMENTE SANO,,722515,"Cafeter?as, fuentes de sodas, never?as, refresquer?as y similares",0 a 5 personas,CALLE,GUERRERO,CALLE,YUCAT?N,CALLE,M?XICO,CALLE,99,,,,0,,COLONIA,PROGRESO,,,,1222,030,5541496506,,,Fijo,JULIO 2010
1052096,MARIAM,,722511,Restaurantes con servicio de preparaci?n de alimentos a la carta o de comida corrida,0 a 5 personas,CALLE,M?XICO,CALLE,AGUASCALIENTES,CALLE,MONTERREY,CALLE,120,,,,0,,COLONIA,PROGRESO TIZAPAN,,,,1222,018,5555500105,,,Fijo,JULIO 2010
927849,LOS GIRASOLES,,722518,Restaurantes que preparan otro tipo de alimentos para llevar,0 a 5 personas,CALLE,CHIHUAHUA,CALLE,R?O HONDO,CALLE,COLIMA,CALLE,36,,,,0,,COLONIA,PROGRESO TIZAPAN,,,,1190,015,,,,Fijo,DICIEMBRE 2014
1005452,LOS ARBOLITOS,,722514,Restaurantes con servicio de preparaci?n de tacos y tortas,0 a 5 personas,CALLE,VERACRUZ,CALLE,PUEBLA,CALLE,HIDALGO,CALLE,17,C,,,0,,COLONIA,PROGRESO TIZAPAN,,,,1190,003,,,,Fijo,JULIO 2010
995447,RESTAURANTE LOS ALCATRACES,,722511,Restaurantes con servicio de preparaci?n de alimentos a la carta o de comida corrida,6 a 10 personas,CALLE,CHIHUAHUA,CALLE,R?O HONDO,BOULEVARD,ANILLO PERIF?RICO (ADOLFO L?PEZ MATEOS),CERRADA,13,,,,0,,COLONIA,PROGRESO TIZAPAN,,,,110A,011,555516032248,,,Fijo,JULIO 2010
1005599,MARISCOS,,722512,Restaurantes con servicio de preparaci?n de pescados y mariscos,0 a 5 personas,AVENIDA,TOLUCA,BOULEVARD,ANILLO PERIF?RICO (ADOLFO L?PEZ MATEOS),CALLE,MORELOS,AVENIDA,41,,,,0,,COLONIA,PROGRESO TIZAPAN,,,,1190,020,,,,Fijo,JULIO 2010
1005457,LOS ARBOLITOS,,722514,Restaurantes con servicio de preparaci?n de tacos y tortas,0 a 5 personas,CALLE,VERACRUZ,CALLE,HIDALGO,CALLE,PUEBLA,CALLE,22,,,,0,,COLONIA,TIZAPAN,,,,1190,012,,,,Fijo,JULIO 2010
1005450,TAQUER?A LA PALMA DE MICHOACAN,,722514,Restaurantes con servicio de preparaci?n de tacos y tortas,0 a 5 personas,CALLE,VERACRUZ,CALLE,PUEBLA,CALLE,HIDALGO,CALLE,17,B,,,0,,COLONIA,PROGRESO TIZAPAN,,,,1190,003,,,,Fijo,JULIO 2010
927797,TAKOIC,,722513,Restaurantes con servicio de preparaci?n de antojitos,0 a 5 personas,AVENIDA,TOLUCA,BOULEVARD,ANILLO PERIF?RICO (ADOLFO L?PEZ MATEOS),CALLE,MORELOS,AVENIDA,47,,,,0,,COLONIA,PROGRESO TIZAPAN,,,,1190,020,,,,Fijo,DICIEMBRE 2014
927812,SHAKS,,722513,Restaurantes con servicio de preparaci?n de antojitos,0 a 5 personas,CALLE,CHIHUAHUA,CALLE,R?O HONDO,BOULEVARD,ANILLO PERIF?RICO (ADOLFO L?PEZ MATEOS),BOULEVARD,3,,,,1,,COLONIA,PROGRESO TIZAPAN,,,,110A,011,555544377047,,,Fijo,DICIEMBRE 2014
6201619,TAQUER?A LOS PARADOS,,722514,Restaurantes con servicio de preparaci?n de tacos y tortas,0 a 5 personas,CALLE,GUERRERO,CALLE,M?XICO,CALLE,VERACRUZ,CALLE,74,,,,0,,COLONIA,TIZAPAN,,,,1190,011,5547524026,,,Fijo,JULIO 2010
927856,ROSA MEXICANA,,722518,Restaurantes que preparan otro tipo de alimentos para llevar,0 a 5 personas,CALLE,CHIHUAHUA,CALLE,R?O HONDO,CALLE,COLIMA,CALLE,6,,,,0,,COLONIA,PROGRESO TIZAPAN,,,,1190,015,5562861612,,,Fijo,DICIEMBRE 2014
927903,TACOS EMY,,722514,Restaurantes con servicio de preparaci?n de tacos y tortas,0 a 5 personas,CALLE,M?XICO,CALLE,GUANAJUATO,CALLE,GUERRERO,CALLE,16,,,,0,,COLONIA,PROGRESO,,,,1222,030,,,,Fijo,DICIEMBRE 2014
1052078,TAQUER?A LUPE,,722514,Restaurantes con servicio de preparaci?n de tacos y tortas,0 a 5 personas,CALLE,M?XICO,CALLE,GUANAJUATO,CALLE,GUERRERO,CALLE,32,,,,0,SN,COLONIA,PROGRESO,,,,1222,030,,,,Fijo,JULIO 2010
6201823,RICAS TORTAS CALIENTES,,722514,Restaurantes con servicio de preparaci?n de tacos y tortas,0 a 5 personas,BOULEVARD,ANILLO PERIF?RICO (ADOLFO L?PEZ MATEOS),AVENIDA,TOLUCA,CALLE,GUANAJUATO,CERRADA,0,SN,,,0,,COLONIA,PROGRESO TIZAPAN,,,,1222,028,,,,Fijo,JULIO 2010
1005399,STEINS,,722515,"Cafeter?as, fuentes de sodas, never?as, refresquer?as y similares",0 a 5 personas,CALLE,R?O HONDO,CALLE,MORELOS,CALLE,CHIHUAHUA,CALLE,8,,,,0,B,COLONIA,PROGRESO TIZAPAN,,,,1190,015,5555501617,,,Fijo,JULIO 2010
1005458,TAQUER?A PEDRO,,722514,Restaurantes con servicio de preparaci?n de tacos y tortas,0 a 5 personas,CALLE,VERACRUZ,CALLE,HIDALGO,CALLE,PUEBLA,AVENIDA,22,,,,0,,COLONIA,TIZAPAN,,,,1190,012,,,,Fijo,JULIO 2010
927829,RESTAURANTE MANIC,,722518,Restaurantes que preparan otro tipo de alimentos para llevar,0 a 5 personas,CALLE,CHIHUAHUA,CALLE,R?O HONDO,BOULEVARD,ANILLO PERIF?RICO (ADOLFO L?PEZ MATEOS),CERRADA,67,,,,0,,COLONIA,PROGRESO TIZAPAN,,,,110A,011,5555502697,,,Fijo,DICIEMBRE 2014
927851,T?A CHOLI,,722518,Restaurantes que preparan otro tipo de alimentos para llevar,0 a 5 personas,CALLE,PUEBLA,CALLE,COLIMA,CALLE,GUERRERO,CALLE,217,,,,0,,COLONIA,PROGRESO TIZAPAN,,,,1190,005,5555505535,,,Fijo,DICIEMBRE 2014
1005405,AUTOTEC,,811111,Reparaci?n mec?nica en general de autom?viles y camiones,6 a 10 personas,CALLE,MORELOS,CALLE,COLIMA,CALLE,R?O HONDO,CALLE,45,,,,0,,COLONIA,PROGRESO TIZAPAN,,,,1190,015,5556163121,PLARREA@PRODIGY.NET.MX,,Fijo,JULIO 2010
927907,VER?NICA LAURA GALLEGOS CONTRERAS,,722511,Restaurantes con servicio de preparaci?n de alimentos a la carta o de comida corrida,0 a 5 personas,CALLE,YUCAT?N,CALLE,GUANAJUATO,CALLE,GUERRERO,CALLE,85,,,,0,,COLONIA,PROGRESO,,,,1222,030,5555500976,,,Fijo,DICIEMBRE 2014
1052079,AUTOTIPS,,811111,Reparaci?n mec?nica en general de autom?viles y camiones,0 a 5 personas,CALLE,M?XICO,CALLE,GUANAJUATO,CALLE,GUERRERO,CALLE,32,,,,0,,COLONIA,PROGRESO,,,,1222,030,5555504964,TIPSARVIZU@YAHOO.COM.MX,,Fijo,JULIO 2010
1052098,BELLEZA GABY,,812110,Salones y cl?nicas de belleza y peluquer?as,0 a 5 personas,CALLE,GUERRERO,CALLE,YUCAT?N,CALLE,M?XICO,CALLE,99,,,,0,,COLONIA,PROGRESO,,,,1222,030,5555503127,,,Fijo,JULIO 2010
927833,WOOSTUFF  S.A. DE C.V.,WOOSTUFF  S.A. DE C.V.,722517,"Restaurantes con servicio de preparaci?n de pizzas, hamburguesas, hot dogs y pollos rostizados para llevar",0 a 5 personas,CALLE,CHIHUAHUA,CALLE,R?O HONDO,BOULEVARD,ANILLO PERIF?RICO (ADOLFO L?PEZ MATEOS),CERRADA,3,,,,0,,COLONIA,PROGRESO TIZAPAN,,,,110A,011,5555504307,,,Fijo,DICIEMBRE 2014
1052086,AUTOS Y MOTOS TO?O,,811111,Reparaci?n mec?nica en general de autom?viles y camiones,0 a 5 personas,CALLE,YUCAT?N,CALLE,GUANAJUATO,CALLE,GUERRERO,CALLE,81,,,,0,,COLONIA,PROGRESO,,,,1222,030,5556160769,,,Fijo,JULIO 2010
1005441,CATEDRAL ESPIRITUAL FE ESPERANZA Y CARIDAD,TEMPLO ESPIRITUAL,813210,Asociaciones y organizaciones religiosas,0 a 5 personas,CALLE,MORELOS,CALLE,GUERRERO,CALLE,COLIMA,CALLE,10,,,,0,,COLONIA,PROGRESO TIZAPAN,,,,1190,005,,ROSALBABETANCUR@HOTMAIL.COM.MX,,Fijo,JULIO 2010
1052080,ZAGUAN AZUL,,722513,Restaurantes con servicio de preparaci?n de antojitos,0 a 5 personas,CALLE,M?XICO,CALLE,GUANAJUATO,CALLE,GUERRERO,CALLE,24,,,,2,,COLONIA,PROGRESO,,,,1222,030,,,,Semifijo,JULIO 2010
927897,EST?TICA GERARDO,,812110,Salones y cl?nicas de belleza y peluquer?as,0 a 5 personas,CALLE,PUEBLA,CALLE,VERACRUZ,AVENIDA,TOLUCA,CALLE,268,A,,,0,,COLONIA,TIZAPAN,,,,1190,012,,,,Fijo,DICIEMBRE 2014
1005516,ELECTR?NICA REYES,,811211,Reparaci?n y mantenimiento de equipo electr?nico de uso dom?stico,0 a 5 personas,CALLE,GUERRERO,CALLE,YUCAT?N,AVENIDA,FRONTERA,CALLE,80,A,,,0,,COLONIA,PUEBLO DE TIZAPAN,,,,1190,010,555503357,,,Fijo,JULIO 2010
1005449,EL R?PIDO,,811430,Reparaci?n de calzado y otros art?culos de piel y cuero,0 a 5 personas,CALLE,VERACRUZ,CALLE,PUEBLA,CALLE,HIDALGO,CALLE,17,A,,,0,,COLONIA,PROGRESO TIZAPAN,,,,1190,003,,,,Fijo,JULIO 2010
927855,ESTACIONAMIENTO CL?NICA LORETO,,812410,Estacionamientos y pensiones para veh?culos automotores,0 a 5 personas,CALLE,MORELOS,CALLE,COLIMA,CALLE,VERACRUZ,CALLE,80,,,,0,,COLONIA,PROGRESO TIZAPAN,,,,1190,004,,,,Fijo,DICIEMBRE 2014
1005472,ESTACIONAMIENTO,,812410,Estacionamientos y pensiones para veh?culos automotores,0 a 5 personas,CALLE,M?XICO,AVENIDA,TOLUCA,CALLE,GUERRERO,CALLE,4,,,,0,,COLONIA,TIZAPAN,,,,1190,011,,,,Fijo,JULIO 2010
1005505,EST?TICA FASHION,,812110,Salones y cl?nicas de belleza y peluquer?as,0 a 5 personas,CALLE,MICHOAC?N,CALLE,YUCAT?N,CALLE,SAN LUIS POTOS?,AVENIDA,9,,,,0,,COLONIA,PUEBLO DE TIZAPAN,,,,1190,010,,,,Fijo,JULIO 2010
6201234,ESTACIONAMIENTO,,812410,Estacionamientos y pensiones para veh?culos automotores,0 a 5 personas,CALLE,GUERRERO,CALLE,YUCAT?N,AVENIDA,FRONTERA,CALLE,94,,,,0,,COLONIA,PUEBLO DE TIZAPAN,,,,1190,010,,,,Fijo,DICIEMBRE 2014
1005448,CERRAJER?A,,811491,Cerrajer?as,0 a 5 personas,CALLE,VERACRUZ,CALLE,PUEBLA,CALLE,HIDALGO,CALLE,15,C,,,0,,COLONIA,PROGRESO TIZAPAN,,,,1190,003,,,,Fijo,JULIO 2010
1005425,EST?TICA COIFFURE,,812110,Salones y cl?nicas de belleza y peluquer?as,0 a 5 personas,CALLE,COLIMA,CALLE,PUEBLA,CALLE,MORELOS,CALLE,12,,,,0,,COLONIA,PROGRESO TIZAPAN,,,,1190,004,5556167532,,,Fijo,JULIO 2010
1052072,EST?TICA DANIEL,,812110,Salones y cl?nicas de belleza y peluquer?as,0 a 5 personas,CALLE,M?XICO,CALLE,AGUASCALIENTES,CALLE,JALISCO,BOULEVARD,107,,,,0,,COLONIA,PROGREO TIZAPAN,,,,1222,022,5555506064,,,Fijo,JULIO 2010
1005431,EST?TICA DE ANGELO,,812110,Salones y cl?nicas de belleza y peluquer?as,0 a 5 personas,CALLE,PUEBLA,CALLE,VERACRUZ,CALLE,COLIMA,CALLE,237,,,,0,,COLONIA,PROGRESO TIZAPAN,,,,1190,004,5549682796,,,Fijo,JULIO 2010
927891,EST?TICA DIANE,,812110,Salones y cl?nicas de belleza y peluquer?as,0 a 5 personas,CALLE,SAN LUIS POTOS?,CALLE,MICHOAC?N,AVENIDA,FRONTERA,CALLE,45,,,,0,,COLONIA,PUEBLO DE TIZAPAN,,,,1190,010,5547522392,,,Fijo,DICIEMBRE 2014
1005471,EL JUNUCO,,811430,Reparaci?n de calzado y otros art?culos de piel y cuero,0 a 5 personas,CALLE,M?XICO,AVENIDA,TOLUCA,CALLE,GUERRERO,CALLE,1,A,,,0,,COLONIA,TIZAPAN,,,,1190,011,,,,Fijo,JULIO 2010
1005414,EL?CTRICO AUTOMOTRIZ L?PEZ MART?NEZ,,811112,Reparaci?n del sistema el?ctrico de autom?viles y camiones,0 a 5 personas,CALLE,COLIMA,CALLE,PUEBLA,CALLE,MORELOS,CALLE,8,,,,0,,COLONIA,PROGRESO TIZAPAN,,,,1190,004,,,,Fijo,JULIO 2010
927898,EST?TICA UNISEX,,812110,Salones y cl?nicas de belleza y peluquer?as,0 a 5 personas,CALLE,PUEBLA,CALLE,VERACRUZ,AVENIDA,TOLUCA,CALLE,252,,,,1,,COLONIA,TIZAPAN,,,,1190,012,5555503208,,,Fijo,DICIEMBRE 2014
1005476,EST?TICA LOLIS,,812110,Salones y cl?nicas de belleza y peluquer?as,0 a 5 personas,CALLE,M?XICO,AVENIDA,TOLUCA,CALLE,GUERRERO,CALLE,17,,,,0,,COLONIA,TIZAPAN,,,,1190,011,5556163149,,,Fijo,JULIO 2010
927859,EST?TICA LATTITUDE,,812110,Salones y cl?nicas de belleza y peluquer?as,0 a 5 personas,CALLE,PUEBLA,CALLE,GUERRERO,CALLE,VERACRUZ,CALLE,228,,,,0,,COLONIA,PROGRESO TIZAPAN,,,,1190,003,5562801878,,,Fijo,DICIEMBRE 2014
1005480,EST?TICA SPA ONLY BEAUTY,,812110,Salones y cl?nicas de belleza y peluquer?as,0 a 5 personas,CALLE,M?XICO,AVENIDA,TOLUCA,CALLE,GUERRERO,CALLE,37,,,,0,,COLONIA,TIZAPAN,,,,1190,011,5544375549,,,Fijo,JULIO 2010
1005415,LABORATORIO ELECTR?NICO AUDIO Y VIDEO,,811211,Reparaci?n y mantenimiento de equipo electr?nico de uso dom?stico,0 a 5 personas,CALLE,PUEBLA,CALLE,VERACRUZ,CALLE,COLIMA,CALLE,225,,,,0,,COLONIA,PROGRESO TIZAPAN,,,,1190,004,5555509506,,,Fijo,JULIO 2010
927818,N?CLEO AUTOMOTRIZ,,811111,Reparaci?n mec?nica en general de autom?viles y camiones,0 a 5 personas,CALLE,M?XICO,CALLE,AGUASCALIENTES,CALLE,JALISCO,CALLE,109,,,,0,,COLONIA,PROGREO TIZAPAN,,,,1222,022,5556161750,NUCLEOAUTOMOTRIZ@HOTMAIL.COM,,Fijo,JULIO 2010
927803,HOJALATER?A Y PINTURA,,811121,Hojalater?a y pintura de autom?viles y camiones,0 a 5 personas,CALLE,M?XICO,CALLE,AGUASCALIENTES,CALLE,JALISCO,CALLE,109,,,,0,,COLONIA,PROGREO TIZAPAN,,,,1222,022,555501624,,,Fijo,DICIEMBRE 2014
1005454,MEC?NICA GENERAL GUTI?RREZ,,811111,Reparaci?n mec?nica en general de autom?viles y camiones,0 a 5 personas,CALLE,PUEBLA,CALLE,GUERRERO,CALLE,VERACRUZ,CALLE,204,,,,0,,COLONIA,PROGRESO TIZAPAN,,,,1190,003,5555509912,BETO_XX19@HOTMAIL.COM,,Fijo,JULIO 2010
927827,LAVANDER?A S%A,,812210,Lavander?as y tintorer?as,0 a 5 personas,CALLE,CHIHUAHUA,CALLE,R?O HONDO,BOULEVARD,ANILLO PERIF?RICO (ADOLFO L?PEZ MATEOS),CALLE,73,,,,0,,COLONIA,PROGRESO TIZAPAN,,,,110A,011,5555502736,,,Fijo,DICIEMBRE 2014
1005404,HOJALATER?A Y PINTURA MOTOS,HOJALATER?A Y PINTURA MOTOS  S.A. DE CV,811121,Hojalater?a y pintura de autom?viles y camiones,0 a 5 personas,CALLE,MORELOS,CALLE,COLIMA,CALLE,R?O HONDO,CALLE,35,,,,0,,COLONIA,PROGRESO TIZAPAN,,,,1190,015,5556164745,,,Fijo,JULIO 2010
1005464,LAVANDER?A Y TINTORER?A,,812210,Lavander?as y tintorer?as,0 a 5 personas,CALLE,PUEBLA,CALLE,VERACRUZ,AVENIDA,TOLUCA,CALLE,260,,,,0,,COLONIA,TIZAPAN,,,,1190,012,,,,Fijo,JULIO 2010
927968,MOFLES Y RADIADORES,,811119,Otras reparaciones mec?nicas de autom?viles y camiones,0 a 5 personas,CALLE,M?XICO,CALLE,MONTERREY,CALLE,CALLEJ?N CELAYA,CALLE,130,A,,,0,,CIUDAD INDUSTRIAL,TIZAPAN,,,,1237,009,5555503709,,,Fijo,DICIEMBRE 2014
927900,LAVAVANDER?A TIZAPAN,,812210,Lavander?as y tintorer?as,0 a 5 personas,CALLE,GUERRERO,CALLE,M?XICO,CALLE,VERACRUZ,CALLE,69,,,,0,,COLONIA,TIZAPAN,,,,1190,011,5555592565,,,Fijo,DICIEMBRE 2014
1005514,REPARACI?N DE LAVADORAS,,811410,Reparaci?n y mantenimiento de aparatos el?ctricos para el hogar y personales,0 a 5 personas,CALLE,GUERRERO,CALLE,YUCAT?N,AVENIDA,FRONTERA,CALLE,80,,,,0,,COLONIA,PUEBLO DE TIZAPAN,,,,1190,010,5556165204,,,Fijo,JULIO 2010
1005597,RESTAURACI?N DE MUEBLES,,811420,Reparaci?n de tapicer?a de muebles para el hogar,0 a 5 personas,CALLE,MORELOS,AVENIDA,TOLUCA,CALLE,VERACRUZ,BOULEVARD,133,,,,0,,COLONIA,PROGRESO TIZAPAN,,,,1190,020,5555509474,,,Fijo,JULIO 2010
1005466,REPARADORA DE CALZADO,,811430,Reparaci?n de calzado y otros art?culos de piel y cuero,0 a 5 personas,CALLE,GUERRERO,CALLE,M?XICO,CALLE,VERACRUZ,CALLE,69,,,,0,,COLONIA,TIZAPAN,,,,1190,011,,,,Fijo,JULIO 2010
1005437,REPARACI?N DE MOTOS,,811492,Reparaci?n y mantenimiento de motocicletas,0 a 5 personas,CALLE,PUEBLA,CALLE,COLIMA,CALLE,GUERRERO,CALLE,201,,,,0,,COLONIA,PROGRESO TIZAPAN,,,,1190,005,5555502280,,,Fijo,JULIO 2010
1005475,REPARACI?N DE CALZADO MEMO,,811430,Reparaci?n de calzado y otros art?culos de piel y cuero,0 a 5 personas,CALLE,M?XICO,AVENIDA,TOLUCA,CALLE,GUERRERO,CALLE,19,A,,,0,,COLONIA,TIZAPAN,,,,1190,011,5555508386,,,Fijo,JULIO 2010
6314510,RANVER ITAM R?O HONDO,RANVER  S.A. DE C.V.,812410,Estacionamientos y pensiones para veh?culos automotores,31 a 50 personas,CALLE,R?O HONDO,CALLE,SEGUNDA CERRADA GALEANA,CALLE,VALENT?N G?MEZ FAR?AS,CALLE,1,,,,0,,COLONIA,PROGRESO TIZAPAN,,,,110A,010,,,,Fijo,JULIO 2010
1005446,PELUQUER?A,,812110,Salones y cl?nicas de belleza y peluquer?as,0 a 5 personas,CALLE,VERACRUZ,CALLE,PUEBLA,CALLE,HIDALGO,CALLE,15,A,,,0,,COLONIA,PROGRESO TIZAPAN,,,,1190,003,5556163427,,,Fijo,JULIO 2010
927813,PERIFERIC CAR WASH,,811192,Lavado y lubricado de autom?viles y camiones,0 a 5 personas,CALLE,CHIHUAHUA,CALLE,R?O HONDO,BOULEVARD,ANILLO PERIF?RICO (ADOLFO L?PEZ MATEOS),BOULEVARD,49,B,,,0,,COLONIA,PROGRESO TIZAPAN,,,,110A,011,,,,Fijo,DICIEMBRE 2014
1005477,PELUQUER?A PAR?S,,812110,Salones y cl?nicas de belleza y peluquer?as,0 a 5 personas,CALLE,M?XICO,AVENIDA,TOLUCA,CALLE,GUERRERO,CALLE,27,,,,0,,COLONIA,TIZAPAN,,,,1190,011,5555501931,,,Fijo,JULIO 2010
1052084,SALA DE BELLEZA ESENCCE,,812110,Salones y cl?nicas de belleza y peluquer?as,0 a 5 personas,CALLE,YUCAT?N,CALLE,GUERRERO,CALLE,GUANAJUATO,CALLE,20,,,,0,,COLONIA,PROGRESO,,,,1222,030,,,,Fijo,JULIO 2010
927862,SERICIO EL?CTRICO AUTOMOTRIZ DELFO,,811112,Reparaci?n del sistema el?ctrico de autom?viles y camiones,0 a 5 personas,CALLE,VERACRUZ,CALLE,PUEBLA,CALLE,HIDALGO,CALLE,17,,,,0,,COLONIA,PROGRESO TIZAPAN,,,,1190,003,5556168094,,,Fijo,DICIEMBRE 2014
1005500,SASTRER?A FRONTERA,,811499,Reparaci?n y mantenimiento de otros art?culos para el hogar y personales,0 a 5 personas,AVENIDA,FRONTERA,CALLE,SAN LUIS POTOS?,CALLE,GUERRERO,CALLE,82,,,,0,,COLONIA,PUEBLO DE TIZAPAN,,,,1190,010,5555509036,,,Fijo,JULIO 2010
927845,REPARACI?N DE COCINAS,,811420,Reparaci?n de tapicer?a de muebles para el hogar,0 a 5 personas,CALLE,VERACRUZ,CALLE,CHIHUAHUA,CALLE,MORELOS,CALLE,57,,,,0,C,COLONIA,PROGRESO TIZAPAN,,,,1190,014,5530637165,UGALDEJAVIER99@YAHOO.COM.MX,,Fijo,DICIEMBRE 2014
1005525,SASTRER?A LUNA,,811499,Reparaci?n y mantenimiento de otros art?culos para el hogar y personales,0 a 5 personas,CALLE,MICHOAC?N,CALLE,SAN LUIS POTOS?,CALLE,YUCAT?N,CALLE,64,,,,0,,COLONIA,PUEBLO DE TIZAPAN,,,,1190,009,,,,Fijo,JULIO 2010
1005496,REPARACI?N DE BICICLETAS SIN NOMBRE,,811493,Reparaci?n y mantenimiento de bicicletas,0 a 5 personas,AVENIDA,FRONTERA,CALLE,SAN LUIS POTOS?,CALLE,GUERRERO,CALLE,98,,,,0,,COLONIA,PUEBLO DE TIZAPAN,,,,1190,010,5556160983,,,Fijo,JULIO 2010
1005527,SERVICIO ELESTROMEC?NICO AUTOMOTRIZ ROJAS,,811111,Reparaci?n mec?nica en general de autom?viles y camiones,0 a 5 personas,CALLE,MICHOAC?N,CALLE,SAN LUIS POTOS?,CALLE,YUCAT?N,CALLE,60,,,,0,,COLONIA,PUEBLO DE TIZAPAN,,,,1190,009,5555500436,MIGUELANGEL-VALENCIA@HOTMAIL.COM,,Fijo,JULIO 2010
927959,SERVICIO ESPECIALIZADO SIN NOMBRE,,811111,Reparaci?n mec?nica en general de autom?viles y camiones,0 a 5 personas,CALLE,M?XICO,CALLE,MONTERREY,CALLE,CALLEJ?N CELAYA,CALLE,158,B,,,0,,CIUDAD INDUSTRIAL,TIZAPAN,,,,1237,009,5555500664,,,Fijo,DICIEMBRE 2014
927905,TALLER AUTOLUNEER,,811111,Reparaci?n mec?nica en general de autom?viles y camiones,0 a 5 personas,CALLE,YUCAT?N,CALLE,GUERRERO,CALLE,GUANAJUATO,CALLE,63,A,,,0,,COLONIA,PROGRESO,,,,1222,030,5562727544,LUNER31@HOTMAIL.COM,,Fijo,DICIEMBRE 2014
1052090,SERVICIO FRANCIS,,811199,Otros servicios de reparaci?n y mantenimiento de autom?viles y camiones,0 a 5 personas,CALLE,M?XICO,CALLE,JALISCO,CALLE,AGUASCALIENTES,CALLE,106,,,,0,,COLONIA,PROGRESO TIZAPAN,,,,1222,023,5556160590,,,Fijo,JULIO 2010
1005526,SERVICIO AUTOMOTRIZ SALINAS,,811111,Reparaci?n mec?nica en general de autom?viles y camiones,0 a 5 personas,CALLE,MICHOAC?N,CALLE,SAN LUIS POTOS?,CALLE,YUCAT?N,CALLE,64,,,,0,,COLONIA,PUEBLO DE TIZAPAN,,,,1190,009,5555509467,SERVICIO.SALINAS@HOTMAIL.COM,,Fijo,JULIO 2010
1053102,SEVICIO P?REZ,,811121,Hojalater?a y pintura de autom?viles y camiones,0 a 5 personas,CALLE,M?XICO,CALLE,MONTERREY,CALLE,CALLEJ?N CELAYA,CALLE,138,,,,0,,CIUDAD INDUSTRIAL,TIZAPAN,,,,1237,009,5556161054,,,Fijo,JULIO 2010
927816,TALLER MEC?NICO AUTOMOTRIZ,,811111,Reparaci?n mec?nica en general de autom?viles y camiones,0 a 5 personas,CALLE,M?XICO,CALLE,AGUASCALIENTES,CALLE,MONTERREY,CALLE,18,,,,0,,COLONIA,PROGRESO TIZAPAN,,,,1222,018,555543567088,TRANSPORTES-CANTU@HOTMAIL.COM,,Fijo,DICIEMBRE 2014
1005447,SERVICIO EL?CTRICO TORRES,,811312,Reparaci?n y mantenimiento de maquinaria y equipo industrial,0 a 5 personas,CALLE,VERACRUZ,CALLE,PUEBLA,CALLE,HIDALGO,CALLE,15,B,,,0,,COLONIA,PROGRESO TIZAPAN,,,,1190,003,,,,Fijo,JULIO 2010
1005427,TAPICER?A FINA KAREN,,811420,Reparaci?n de tapicer?a de muebles para el hogar,0 a 5 personas,CALLE,PUEBLA,CALLE,VERACRUZ,CALLE,COLIMA,CALLE,231,A,,,0,,COLONIA,PROGRESO TIZAPAN,,,,1190,004,5556162715,,,Fijo,JULIO 2010
927802,THE SON INC,,811499,Reparaci?n y mantenimiento de otros art?culos para el hogar y personales,0 a 5 personas,BOULEVARD,ANILLO PERIF?RICO (ADOLFO L?PEZ MATEOS),AVENIDA,TOLUCA,CALLE,VERACRUZ,CALLE,2660,,,,4,,COLONIA,PROGRESO TIZAPAN,,,,1190,020,5566482460,,,Fijo,DICIEMBRE 2014
1052134,FISCAL?A DESCONCENTRADA DE INVESTIGACI?N EN ?LVARO OBREGON,,931410,Impartici?n de justicia y mantenimiento de la seguridad y el orden p?blico,11 a 30 personas,CALLE,M?XICO,CALLE,TLAXCALA,AVENIDA,TOLUCA,CALLE,10,,,,0,,COLONIA,PROGRESO TIZAPAN,,,,1222,029,5552009569,,,Fijo,DICIEMBRE 2014
1005430,TRANSMISIONES AUTOM?TICAS DEL SUR,,811114,Reparaci?n de transmisiones de autom?viles y camiones,0 a 5 personas,CALLE,PUEBLA,CALLE,VERACRUZ,CALLE,COLIMA,CALLE,235,,,,0,,COLONIA,PROGRESO TIZAPAN,,,,1190,004,5555505421,,,Fijo,JULIO 2010
1052136,JUZGADO C?VICO AOB 4,,931410,Impartici?n de justicia y mantenimiento de la seguridad y el orden p?blico,11 a 30 personas,CALLE,M?XICO,CALLE,TLAXCALA,AVENIDA,TOLUCA,CALLE,10,,,,0,,COLONIA,PROGRESO TIZAPAN,,,,1222,029,5556162857,,,Fijo,DICIEMBRE 2014
927958,WILLIAMS SERVICE GROUP  S.A. DE C.V.,WILLIAMS SERVICE GROUP  S.A. DE C.V.,811111,Reparaci?n mec?nica en general de autom?viles y camiones,0 a 5 personas,CALLE,M?XICO,CALLE,MONTERREY,CALLE,CALLEJ?N CELAYA,CALLE,160,,,,0,,CIUDAD INDUSTRIAL,TIZAPAN,,,,1237,009,5556165981,WIILLIAMS_SG@YAHOO.COM.MX,,Fijo,JULIO 2010
1005428,V.I. CLEANE,,812210,Lavander?as y tintorer?as,0 a 5 personas,CALLE,PUEBLA,CALLE,VERACRUZ,CALLE,COLIMA,CALLE,231,B,,,0,,COLONIA,PROGRESO TIZAPAN,,,,1190,004,5555508838,,,Fijo,JULIO 2010
1052094,VULCANIZADORA EL JAIBA,,811191,Reparaci?n menor de llantas,0 a 5 personas,CALLE,M?XICO,CALLE,AGUASCALIENTES,CALLE,MONTERREY,CALLE,122,,,,0,,COLONIA,PROGRESO TIZAPAN,,,,1222,018,5555503694,,,Fijo,JULIO 2010
1005411,TINTORER?A PROGRESO,,812210,Lavander?as y tintorer?as,0 a 5 personas,CALLE,VERACRUZ,CALLE,CHIHUAHUA,CALLE,MORELOS,CALLE,65,,,,0,,COLONIA,PROGRESO TIZAPAN,,,,1190,014,,,,Fijo,JULIO 2010
1005412,VULCANIZADORA MENDOZA,,811191,Reparaci?n menor de llantas,0 a 5 personas,CALLE,CHIHUAHUA,CALLE,COLIMA,CALLE,VERACRUZ,CALLE,82,,,,0,,COLONIA,PROGRESO TIZAPAN,,,,1190,014,5555500189,,,Fijo,JULIO 2010
1005470,TAPICER?A SAN ANGEL,,811420,Reparaci?n de tapicer?a de muebles para el hogar,0 a 5 personas,CALLE,M?XICO,AVENIDA,TOLUCA,CALLE,GUERRERO,CALLE,31,,,,0,,COLONIA,TIZAPAN,,,,1190,011,555501535,,,Fijo,JULIO 2010
1052137,CONSEJO LOCAL DE TUTELAS EN ?LVARO OBREG?N DEL DIF DF,,931410,Impartici?n de justicia y mantenimiento de la seguridad y el orden p?blico,6 a 10 personas,CALLE,M?XICO,CALLE,TLAXCALA,AVENIDA,TOLUCA,CALLE,10,,,,0,,COLONIA,PROGRESO TIZAPAN,,,,1222,029,,,,Fijo,JULIO 2010
1005410,VULCANIZADORA FUENTES,,811191,Reparaci?n menor de llantas,0 a 5 personas,CALLE,VERACRUZ,CALLE,CHIHUAHUA,CALLE,MORELOS,CALLE,57,,,,0,,COLONIA,PROGRESO TIZAPAN,,,,1190,014,,,,Fijo,JULIO 2010
1052101,FISCAL?A DESCONCENTRADA DE INVESTIGACI?N EN ?LVARO OBREG?N,EL GOBIERNO DEL DISTRITO FEDERAL,931210,Administraci?n p?blica en general,101 a 250 personas,AVENIDA,TOLUCA,CALLE,M?XICO,CALLE,TLAXCALA,CALLE,10,,,,0,,COLONIA,PROGRESO TIZAPAN,,,,1222,029,5552009556,,,Fijo,JULIO 2010
927835,JUZGADO N.17 REGISTRO CIVIL,,931410,Impartici?n de justicia y mantenimiento de la seguridad y el orden p?blico,6 a 10 personas,CALLE,M?XICO,CALLE,TLAXCALA,AVENIDA,TOLUCA,AVENIDA,10,,,,0,,COLONIA,PROGRESO TIZAPAN,,,,1222,029,,,,Fijo,DICIEMBRE 2014
1052135,JUZGADO C?VICO AOB 3,EL GOBIERNO DEL DISTRITO FEDERAL,931410,Impartici?n de justicia y mantenimiento de la seguridad y el orden p?blico,11 a 30 personas,AVENIDA,TOLUCA,CALLE,M?XICO,CALLE,TLAXCALA,AVENIDA,10,,,,0,,COLONIA,PROGRESO TIZAPAN,,,,1222,029,5556162857,,,Fijo,JULIO 2010
1052140,SECTOR 59 BASE ALPES SECRETAR?A DE SEGURIDAD P?BLICA,SECRETAR?A DE SEGURIDAD P?BLICA,931410,Impartici?n de justicia y mantenimiento de la seguridad y el orden p?blico,101 a 250 personas,AVENIDA,TOLUCA,CALLE,M?XICO,CALLE,TLAXCALA,AVENIDA,0,SN,,,0,,COLONIA,PROGRESO TIZAPAN,,,,1222,029,5556168418,,,Fijo,JULIO 2010
1052139,SECRETAR?A DE SEGURIDAD P?BLICA SECTOR AOB 4 SAN ANGEL,,931410,Impartici?n de justicia y mantenimiento de la seguridad y el orden p?blico,101 a 250 personas,CALLE,TLAXCALA,AVENIDA,TOLUCA,CALLE,M?XICO,CALLE,0,SN,,,0,,COLONIA,PROGRESO TIZAPAN,,,,1222,029,5555500119,,,Fijo,JULIO 2010
927836,SECRETAR?A P?BLICA ZONA PONIENTE,,931410,Impartici?n de justicia y mantenimiento de la seguridad y el orden p?blico,101 a 250 personas,CALLE,TLAXCALA,AVENIDA,TOLUCA,CALLE,M?XICO,CALLE,0,SN,,,0,,COLONIA,PROGRESO TIZAPAN,,,,1222,029,,,,Fijo,DICIEMBRE 2014
1052138,SEGUNDA AGENCIA FISCAL?A DE INVESTIGACI?N ATENCI?N AL DELITO SEXUAL,,931410,Impartici?n de justicia y mantenimiento de la seguridad y el orden p?blico,11 a 30 personas,CALLE,M?XICO,CALLE,TLAXCALA,AVENIDA,TOLUCA,AVENIDA,10,,,,0,,COLONIA,PROGRESO TIZAPAN,,,,1222,029,5552009568,,,Fijo,JULIO 2010